This is pdfTeX, Version 3.141592653-2.6-1.40.27 (MiKTeX 25.4) (preloaded format=pdflatex 2025.6.24)  25 AUG 2025 09:27
entering extended mode
 restricted \write18 enabled.
 file:line:error style messages enabled.
 %&-line parsing enabled.
**c:/Users/lucas/OneDrive/Desktop/LaTex/tese.tex
(c:/Users/lucas/OneDrive/Desktop/LaTex/tese.tex
LaTeX2e <2025-06-01> patch level 1
L3 programming layer <2025-05-26>
(ita.cls
Document Class: ita 2006/03/10 v2.0 Classe de documento com padrões do ITA
(C:\Users\lucas\AppData\Local\Programs\MiKTeX\tex/generic/iftex\ifpdf.sty
Package: ifpdf 2019/10/25 v3.4 ifpdf legacy package. Use iftex instead.
 (C:\Users\lucas\AppData\Local\Programs\MiKTeX\tex/generic/iftex\iftex.sty
Package: iftex 2024/12/12 v1.0g TeX engine tests
)) (ita/defaults.def) (ita/msc.def) (C:\Users\lucas\AppData\Local\Programs\MiKTeX\tex/latex/base\book.cls
Document Class: book 2025/01/22 v1.4n Standard LaTeX document class
(C:\Users\lucas\AppData\Local\Programs\MiKTeX\tex/latex/base\bk12.clo
File: bk12.clo 2025/01/22 v1.4n Standard LaTeX file (size option)
)
\c@part=\count275
\c@chapter=\count276
\c@section=\count277
\c@subsection=\count278
\c@subsubsection=\count279
\c@paragraph=\count280
\c@subparagraph=\count281
\c@figure=\count282
\c@table=\count283
\abovecaptionskip=\skip49
\belowcaptionskip=\skip50
\bibindent=\dimen148
) (C:\Users\lucas\AppData\Local\Programs\MiKTeX\tex/latex/tools\calc.sty
Package: calc 2025/03/01 v4.3b Infix arithmetic (KKT,FJ)
\calc@Acount=\count284
\calc@Bcount=\count285
\calc@Adimen=\dimen149
\calc@Bdimen=\dimen150
\calc@Askip=\skip51
\calc@Bskip=\skip52
LaTeX Info: Redefining \setlength on input line 86.
LaTeX Info: Redefining \addtolength on input line 87.
\calc@Ccount=\count286
\calc@Cskip=\skip53
) (C:\Users\lucas\AppData\Local\Programs\MiKTeX\tex/latex/base\ifthen.sty
Package: ifthen 2024/03/16 v1.1e Standard LaTeX ifthen package (DPC)
) (C:\Users\lucas\AppData\Local\Programs\MiKTeX\tex/generic/babel\babel.sty
Package: babel 2025/05/14 v25.9 The multilingual framework for pdfLaTeX, LuaLaTeX and XeLaTeX
\babel@savecnt=\count287
LaTeX Encoding Info:    Redeclaring text command \ij (encoding OT1) on input line 2043.
LaTeX Encoding Info:    Redeclaring text command \IJ (encoding OT1) on input line 2045.
LaTeX Encoding Info:    Redeclaring text command \ij (encoding T1) on input line 2047.
LaTeX Encoding Info:    Redeclaring text command \IJ (encoding T1) on input line 2048.
LaTeX Encoding Info:    Ignoring declaration for text command \ij (encoding ?) on input line 2049.
LaTeX Encoding Info:    Ignoring declaration for text command \IJ (encoding ?) on input line 2051.
LaTeX Encoding Info:    Ignoring declaration for text command \SS (encoding ?) on input line 2076.
\U@D=\dimen151
\l@unhyphenated=\language79
 (C:\Users\lucas\AppData\Local\Programs\MiKTeX\tex/generic/babel\txtbabel.def)
\bbl@readstream=\read2
\bbl@dirlevel=\count288

*************************************
* Local config file bblopts.cfg used
*
(C:\Users\lucas\AppData\Local\Programs\MiKTeX\tex/latex/arabi\bblopts.cfg
File: bblopts.cfg 2005/09/08 v0.1 add Arabic and Farsi to "declared" options of babel
) (C:\Users\lucas\AppData\Local\Programs\MiKTeX\tex/latex/babel-english\english.ldf
Language: english 2017/06/06 v3.3r English support from the babel system
 (C:\Users\lucas\AppData\Local\Programs\MiKTeX\tex/generic/babel/locale/en\babel-english.tex
Package babel Info: Importing font and identification data for english
(babel)             from babel-en.ini. Reported on input line 11.
)
Package babel Info: Hyphen rules for 'canadian' set to \l@english
(babel)             (\language0). Reported on input line 102.
Package babel Info: Hyphen rules for 'australian' set to \l@ukenglish
(babel)             (\language73). Reported on input line 105.
Package babel Info: Hyphen rules for 'newzealand' set to \l@ukenglish
(babel)             (\language73). Reported on input line 108.
)) (ita/itaeng.babel) (C:\Users\lucas\AppData\Local\Programs\MiKTeX\tex/latex/base\inputenc.sty
Package: inputenc 2024/02/08 v1.3d Input encoding file
\inpenc@prehook=\toks17
\inpenc@posthook=\toks18
 (C:\Users\lucas\AppData\Local\Programs\MiKTeX\tex/latex/base\latin1.def
File: latin1.def 2024/02/08 v1.3d Input encoding file
LaTeX Encoding Info:    Ignoring declaration for text command \textdegree (encoding ?) on input line 47.
LaTeX Encoding Info:    Ignoring declaration for text command \textonehalf (encoding ?) on input line 48.
LaTeX Encoding Info:    Ignoring declaration for text command \textonequarter (encoding ?) on input line 49.
LaTeX Encoding Info:    Ignoring declaration for text command \textthreequarters (encoding ?) on input line 50.
LaTeX Encoding Info:    Ignoring declaration for text command \textcent (encoding ?) on input line 51.
LaTeX Encoding Info:    Ignoring declaration for text command \textyen (encoding ?) on input line 53.
LaTeX Encoding Info:    Ignoring declaration for text command \textcurrency (encoding ?) on input line 55.
LaTeX Encoding Info:    Ignoring declaration for text command \textbrokenbar (encoding ?) on input line 57.
) (C:\Users\lucas\AppData\Local\Programs\MiKTeX\tex/latex/base\utf8.def
File: utf8.def 2022/06/07 v1.3c UTF-8 support
Now handling font encoding OML ...
... no UTF-8 mapping file for font encoding OML
Now handling font encoding OMS ...
... processing UTF-8 mapping file for font encoding OMS
 (C:\Users\lucas\AppData\Local\Programs\MiKTeX\tex/latex/base\omsenc.dfu
File: omsenc.dfu 2022/06/07 v1.3c UTF-8 support
   defining Unicode char U+00A7 (decimal 167)
   defining Unicode char U+00B6 (decimal 182)
   defining Unicode char U+00B7 (decimal 183)
   defining Unicode char U+2020 (decimal 8224)
   defining Unicode char U+2021 (decimal 8225)
   defining Unicode char U+2022 (decimal 8226)
)
Now handling font encoding OT1 ...
... processing UTF-8 mapping file for font encoding OT1
 (C:\Users\lucas\AppData\Local\Programs\MiKTeX\tex/latex/base\ot1enc.dfu
File: ot1enc.dfu 2022/06/07 v1.3c UTF-8 support
   defining Unicode char U+00A0 (decimal 160)
   defining Unicode char U+00A1 (decimal 161)
   defining Unicode char U+00A3 (decimal 163)
   defining Unicode char U+00AD (decimal 173)
   defining Unicode char U+00B8 (decimal 184)
   defining Unicode char U+00BF (decimal 191)
   defining Unicode char U+00C5 (decimal 197)
   defining Unicode char U+00C6 (decimal 198)
   defining Unicode char U+00D8 (decimal 216)
   defining Unicode char U+00DF (decimal 223)
   defining Unicode char U+00E6 (decimal 230)
   defining Unicode char U+00EC (decimal 236)
   defining Unicode char U+00ED (decimal 237)
   defining Unicode char U+00EE (decimal 238)
   defining Unicode char U+00EF (decimal 239)
   defining Unicode char U+00F8 (decimal 248)
   defining Unicode char U+0131 (decimal 305)
   defining Unicode char U+0141 (decimal 321)
   defining Unicode char U+0142 (decimal 322)
   defining Unicode char U+0152 (decimal 338)
   defining Unicode char U+0153 (decimal 339)
   defining Unicode char U+0174 (decimal 372)
   defining Unicode char U+0175 (decimal 373)
   defining Unicode char U+0176 (decimal 374)
   defining Unicode char U+0177 (decimal 375)
   defining Unicode char U+0218 (decimal 536)
   defining Unicode char U+0219 (decimal 537)
   defining Unicode char U+021A (decimal 538)
   defining Unicode char U+021B (decimal 539)
   defining Unicode char U+0237 (decimal 567)
   defining Unicode char U+2013 (decimal 8211)
   defining Unicode char U+2014 (decimal 8212)
   defining Unicode char U+2018 (decimal 8216)
   defining Unicode char U+2019 (decimal 8217)
   defining Unicode char U+201C (decimal 8220)
   defining Unicode char U+201D (decimal 8221)
   defining Unicode char U+FB00 (decimal 64256)
   defining Unicode char U+FB01 (decimal 64257)
   defining Unicode char U+FB02 (decimal 64258)
   defining Unicode char U+FB03 (decimal 64259)
   defining Unicode char U+FB04 (decimal 64260)
   defining Unicode char U+FB05 (decimal 64261)
   defining Unicode char U+FB06 (decimal 64262)
)
Now handling font encoding T1 ...
... processing UTF-8 mapping file for font encoding T1
 (C:\Users\lucas\AppData\Local\Programs\MiKTeX\tex/latex/base\t1enc.dfu
File: t1enc.dfu 2022/06/07 v1.3c UTF-8 support
   defining Unicode char U+00A0 (decimal 160)
   defining Unicode char U+00A1 (decimal 161)
   defining Unicode char U+00A3 (decimal 163)
   defining Unicode char U+00AB (decimal 171)
   defining Unicode char U+00AD (decimal 173)
   defining Unicode char U+00BB (decimal 187)
   defining Unicode char U+00BF (decimal 191)
   defining Unicode char U+00C0 (decimal 192)
   defining Unicode char U+00C1 (decimal 193)
   defining Unicode char U+00C2 (decimal 194)
   defining Unicode char U+00C3 (decimal 195)
   defining Unicode char U+00C4 (decimal 196)
   defining Unicode char U+00C5 (decimal 197)
   defining Unicode char U+00C6 (decimal 198)
   defining Unicode char U+00C7 (decimal 199)
   defining Unicode char U+00C8 (decimal 200)
   defining Unicode char U+00C9 (decimal 201)
   defining Unicode char U+00CA (decimal 202)
   defining Unicode char U+00CB (decimal 203)
   defining Unicode char U+00CC (decimal 204)
   defining Unicode char U+00CD (decimal 205)
   defining Unicode char U+00CE (decimal 206)
   defining Unicode char U+00CF (decimal 207)
   defining Unicode char U+00D0 (decimal 208)
   defining Unicode char U+00D1 (decimal 209)
   defining Unicode char U+00D2 (decimal 210)
   defining Unicode char U+00D3 (decimal 211)
   defining Unicode char U+00D4 (decimal 212)
   defining Unicode char U+00D5 (decimal 213)
   defining Unicode char U+00D6 (decimal 214)
   defining Unicode char U+00D8 (decimal 216)
   defining Unicode char U+00D9 (decimal 217)
   defining Unicode char U+00DA (decimal 218)
   defining Unicode char U+00DB (decimal 219)
   defining Unicode char U+00DC (decimal 220)
   defining Unicode char U+00DD (decimal 221)
   defining Unicode char U+00DE (decimal 222)
   defining Unicode char U+00DF (decimal 223)
   defining Unicode char U+00E0 (decimal 224)
   defining Unicode char U+00E1 (decimal 225)
   defining Unicode char U+00E2 (decimal 226)
   defining Unicode char U+00E3 (decimal 227)
   defining Unicode char U+00E4 (decimal 228)
   defining Unicode char U+00E5 (decimal 229)
   defining Unicode char U+00E6 (decimal 230)
   defining Unicode char U+00E7 (decimal 231)
   defining Unicode char U+00E8 (decimal 232)
   defining Unicode char U+00E9 (decimal 233)
   defining Unicode char U+00EA (decimal 234)
   defining Unicode char U+00EB (decimal 235)
   defining Unicode char U+00EC (decimal 236)
   defining Unicode char U+00ED (decimal 237)
   defining Unicode char U+00EE (decimal 238)
   defining Unicode char U+00EF (decimal 239)
   defining Unicode char U+00F0 (decimal 240)
   defining Unicode char U+00F1 (decimal 241)
   defining Unicode char U+00F2 (decimal 242)
   defining Unicode char U+00F3 (decimal 243)
   defining Unicode char U+00F4 (decimal 244)
   defining Unicode char U+00F5 (decimal 245)
   defining Unicode char U+00F6 (decimal 246)
   defining Unicode char U+00F8 (decimal 248)
   defining Unicode char U+00F9 (decimal 249)
   defining Unicode char U+00FA (decimal 250)
   defining Unicode char U+00FB (decimal 251)
   defining Unicode char U+00FC (decimal 252)
   defining Unicode char U+00FD (decimal 253)
   defining Unicode char U+00FE (decimal 254)
   defining Unicode char U+00FF (decimal 255)
   defining Unicode char U+0100 (decimal 256)
   defining Unicode char U+0101 (decimal 257)
   defining Unicode char U+0102 (decimal 258)
   defining Unicode char U+0103 (decimal 259)
   defining Unicode char U+0104 (decimal 260)
   defining Unicode char U+0105 (decimal 261)
   defining Unicode char U+0106 (decimal 262)
   defining Unicode char U+0107 (decimal 263)
   defining Unicode char U+0108 (decimal 264)
   defining Unicode char U+0109 (decimal 265)
   defining Unicode char U+010A (decimal 266)
   defining Unicode char U+010B (decimal 267)
   defining Unicode char U+010C (decimal 268)
   defining Unicode char U+010D (decimal 269)
   defining Unicode char U+010E (decimal 270)
   defining Unicode char U+010F (decimal 271)
   defining Unicode char U+0110 (decimal 272)
   defining Unicode char U+0111 (decimal 273)
   defining Unicode char U+0112 (decimal 274)
   defining Unicode char U+0113 (decimal 275)
   defining Unicode char U+0114 (decimal 276)
   defining Unicode char U+0115 (decimal 277)
   defining Unicode char U+0116 (decimal 278)
   defining Unicode char U+0117 (decimal 279)
   defining Unicode char U+0118 (decimal 280)
   defining Unicode char U+0119 (decimal 281)
   defining Unicode char U+011A (decimal 282)
   defining Unicode char U+011B (decimal 283)
   defining Unicode char U+011C (decimal 284)
   defining Unicode char U+011D (decimal 285)
   defining Unicode char U+011E (decimal 286)
   defining Unicode char U+011F (decimal 287)
   defining Unicode char U+0120 (decimal 288)
   defining Unicode char U+0121 (decimal 289)
   defining Unicode char U+0122 (decimal 290)
   defining Unicode char U+0123 (decimal 291)
   defining Unicode char U+0124 (decimal 292)
   defining Unicode char U+0125 (decimal 293)
   defining Unicode char U+0128 (decimal 296)
   defining Unicode char U+0129 (decimal 297)
   defining Unicode char U+012A (decimal 298)
   defining Unicode char U+012B (decimal 299)
   defining Unicode char U+012C (decimal 300)
   defining Unicode char U+012D (decimal 301)
   defining Unicode char U+012E (decimal 302)
   defining Unicode char U+012F (decimal 303)
   defining Unicode char U+0130 (decimal 304)
   defining Unicode char U+0131 (decimal 305)
   defining Unicode char U+0132 (decimal 306)
   defining Unicode char U+0133 (decimal 307)
   defining Unicode char U+0134 (decimal 308)
   defining Unicode char U+0135 (decimal 309)
   defining Unicode char U+0136 (decimal 310)
   defining Unicode char U+0137 (decimal 311)
   defining Unicode char U+0139 (decimal 313)
   defining Unicode char U+013A (decimal 314)
   defining Unicode char U+013B (decimal 315)
   defining Unicode char U+013C (decimal 316)
   defining Unicode char U+013D (decimal 317)
   defining Unicode char U+013E (decimal 318)
   defining Unicode char U+0141 (decimal 321)
   defining Unicode char U+0142 (decimal 322)
   defining Unicode char U+0143 (decimal 323)
   defining Unicode char U+0144 (decimal 324)
   defining Unicode char U+0145 (decimal 325)
   defining Unicode char U+0146 (decimal 326)
   defining Unicode char U+0147 (decimal 327)
   defining Unicode char U+0148 (decimal 328)
   defining Unicode char U+014A (decimal 330)
   defining Unicode char U+014B (decimal 331)
   defining Unicode char U+014C (decimal 332)
   defining Unicode char U+014D (decimal 333)
   defining Unicode char U+014E (decimal 334)
   defining Unicode char U+014F (decimal 335)
   defining Unicode char U+0150 (decimal 336)
   defining Unicode char U+0151 (decimal 337)
   defining Unicode char U+0152 (decimal 338)
   defining Unicode char U+0153 (decimal 339)
   defining Unicode char U+0154 (decimal 340)
   defining Unicode char U+0155 (decimal 341)
   defining Unicode char U+0156 (decimal 342)
   defining Unicode char U+0157 (decimal 343)
   defining Unicode char U+0158 (decimal 344)
   defining Unicode char U+0159 (decimal 345)
   defining Unicode char U+015A (decimal 346)
   defining Unicode char U+015B (decimal 347)
   defining Unicode char U+015C (decimal 348)
   defining Unicode char U+015D (decimal 349)
   defining Unicode char U+015E (decimal 350)
   defining Unicode char U+015F (decimal 351)
   defining Unicode char U+0160 (decimal 352)
   defining Unicode char U+0161 (decimal 353)
   defining Unicode char U+0162 (decimal 354)
   defining Unicode char U+0163 (decimal 355)
   defining Unicode char U+0164 (decimal 356)
   defining Unicode char U+0165 (decimal 357)
   defining Unicode char U+0168 (decimal 360)
   defining Unicode char U+0169 (decimal 361)
   defining Unicode char U+016A (decimal 362)
   defining Unicode char U+016B (decimal 363)
   defining Unicode char U+016C (decimal 364)
   defining Unicode char U+016D (decimal 365)
   defining Unicode char U+016E (decimal 366)
   defining Unicode char U+016F (decimal 367)
   defining Unicode char U+0170 (decimal 368)
   defining Unicode char U+0171 (decimal 369)
   defining Unicode char U+0172 (decimal 370)
   defining Unicode char U+0173 (decimal 371)
   defining Unicode char U+0174 (decimal 372)
   defining Unicode char U+0175 (decimal 373)
   defining Unicode char U+0176 (decimal 374)
   defining Unicode char U+0177 (decimal 375)
   defining Unicode char U+0178 (decimal 376)
   defining Unicode char U+0179 (decimal 377)
   defining Unicode char U+017A (decimal 378)
   defining Unicode char U+017B (decimal 379)
   defining Unicode char U+017C (decimal 380)
   defining Unicode char U+017D (decimal 381)
   defining Unicode char U+017E (decimal 382)
   defining Unicode char U+01C4 (decimal 452)
   defining Unicode char U+01C5 (decimal 453)
   defining Unicode char U+01C6 (decimal 454)
   defining Unicode char U+01C7 (decimal 455)
   defining Unicode char U+01C8 (decimal 456)
   defining Unicode char U+01C9 (decimal 457)
   defining Unicode char U+01CA (decimal 458)
   defining Unicode char U+01CB (decimal 459)
   defining Unicode char U+01CC (decimal 460)
   defining Unicode char U+01CD (decimal 461)
   defining Unicode char U+01CE (decimal 462)
   defining Unicode char U+01CF (decimal 463)
   defining Unicode char U+01D0 (decimal 464)
   defining Unicode char U+01D1 (decimal 465)
   defining Unicode char U+01D2 (decimal 466)
   defining Unicode char U+01D3 (decimal 467)
   defining Unicode char U+01D4 (decimal 468)
   defining Unicode char U+01E2 (decimal 482)
   defining Unicode char U+01E3 (decimal 483)
   defining Unicode char U+01E6 (decimal 486)
   defining Unicode char U+01E7 (decimal 487)
   defining Unicode char U+01E8 (decimal 488)
   defining Unicode char U+01E9 (decimal 489)
   defining Unicode char U+01EA (decimal 490)
   defining Unicode char U+01EB (decimal 491)
   defining Unicode char U+01F0 (decimal 496)
   defining Unicode char U+01F4 (decimal 500)
   defining Unicode char U+01F5 (decimal 501)
   defining Unicode char U+0218 (decimal 536)
   defining Unicode char U+0219 (decimal 537)
   defining Unicode char U+021A (decimal 538)
   defining Unicode char U+021B (decimal 539)
   defining Unicode char U+0232 (decimal 562)
   defining Unicode char U+0233 (decimal 563)
   defining Unicode char U+0237 (decimal 567)
   defining Unicode char U+02D9 (decimal 729)
   defining Unicode char U+02DB (decimal 731)
   defining Unicode char U+1E02 (decimal 7682)
   defining Unicode char U+1E03 (decimal 7683)
   defining Unicode char U+1E0D (decimal 7693)
   defining Unicode char U+1E1E (decimal 7710)
   defining Unicode char U+1E1F (decimal 7711)
   defining Unicode char U+1E25 (decimal 7717)
   defining Unicode char U+1E30 (decimal 7728)
   defining Unicode char U+1E31 (decimal 7729)
   defining Unicode char U+1E37 (decimal 7735)
   defining Unicode char U+1E8E (decimal 7822)
   defining Unicode char U+1E8F (decimal 7823)
   defining Unicode char U+1E43 (decimal 7747)
   defining Unicode char U+1E45 (decimal 7749)
   defining Unicode char U+1E47 (decimal 7751)
   defining Unicode char U+1E5B (decimal 7771)
   defining Unicode char U+1E63 (decimal 7779)
   defining Unicode char U+1E6D (decimal 7789)
   defining Unicode char U+1E90 (decimal 7824)
   defining Unicode char U+1E91 (decimal 7825)
   defining Unicode char U+1E9E (decimal 7838)
   defining Unicode char U+1EF2 (decimal 7922)
   defining Unicode char U+1EF3 (decimal 7923)
   defining Unicode char U+200C (decimal 8204)
   defining Unicode char U+2010 (decimal 8208)
   defining Unicode char U+2011 (decimal 8209)
   defining Unicode char U+2012 (decimal 8210)
   defining Unicode char U+2013 (decimal 8211)
   defining Unicode char U+2014 (decimal 8212)
   defining Unicode char U+2015 (decimal 8213)
   defining Unicode char U+2018 (decimal 8216)
   defining Unicode char U+2019 (decimal 8217)
   defining Unicode char U+201A (decimal 8218)
   defining Unicode char U+201C (decimal 8220)
   defining Unicode char U+201D (decimal 8221)
   defining Unicode char U+201E (decimal 8222)
   defining Unicode char U+2030 (decimal 8240)
   defining Unicode char U+2031 (decimal 8241)
   defining Unicode char U+2039 (decimal 8249)
   defining Unicode char U+203A (decimal 8250)
   defining Unicode char U+2423 (decimal 9251)
   defining Unicode char U+1E20 (decimal 7712)
   defining Unicode char U+1E21 (decimal 7713)
   defining Unicode char U+FB00 (decimal 64256)
   defining Unicode char U+FB01 (decimal 64257)
   defining Unicode char U+FB02 (decimal 64258)
   defining Unicode char U+FB03 (decimal 64259)
   defining Unicode char U+FB04 (decimal 64260)
   defining Unicode char U+FB05 (decimal 64261)
   defining Unicode char U+FB06 (decimal 64262)
)
Now handling font encoding TS1 ...
... processing UTF-8 mapping file for font encoding TS1
 (C:\Users\lucas\AppData\Local\Programs\MiKTeX\tex/latex/base\ts1enc.dfu
File: ts1enc.dfu 2022/06/07 v1.3c UTF-8 support
   defining Unicode char U+00A2 (decimal 162)
   defining Unicode char U+00A3 (decimal 163)
   defining Unicode char U+00A4 (decimal 164)
   defining Unicode char U+00A5 (decimal 165)
   defining Unicode char U+00A6 (decimal 166)
   defining Unicode char U+00A7 (decimal 167)
   defining Unicode char U+00A8 (decimal 168)
   defining Unicode char U+00A9 (decimal 169)
   defining Unicode char U+00AA (decimal 170)
   defining Unicode char U+00AC (decimal 172)
   defining Unicode char U+00AE (decimal 174)
   defining Unicode char U+00AF (decimal 175)
   defining Unicode char U+00B0 (decimal 176)
   defining Unicode char U+00B1 (decimal 177)
   defining Unicode char U+00B2 (decimal 178)
   defining Unicode char U+00B3 (decimal 179)
   defining Unicode char U+00B4 (decimal 180)
   defining Unicode char U+00B5 (decimal 181)
   defining Unicode char U+00B6 (decimal 182)
   defining Unicode char U+00B7 (decimal 183)
   defining Unicode char U+00B9 (decimal 185)
   defining Unicode char U+00BA (decimal 186)
   defining Unicode char U+00BC (decimal 188)
   defining Unicode char U+00BD (decimal 189)
   defining Unicode char U+00BE (decimal 190)
   defining Unicode char U+00D7 (decimal 215)
   defining Unicode char U+00F7 (decimal 247)
   defining Unicode char U+0192 (decimal 402)
   defining Unicode char U+02C7 (decimal 711)
   defining Unicode char U+02D8 (decimal 728)
   defining Unicode char U+02DD (decimal 733)
   defining Unicode char U+0E3F (decimal 3647)
   defining Unicode char U+2016 (decimal 8214)
   defining Unicode char U+2020 (decimal 8224)
   defining Unicode char U+2021 (decimal 8225)
   defining Unicode char U+2022 (decimal 8226)
   defining Unicode char U+2030 (decimal 8240)
   defining Unicode char U+2031 (decimal 8241)
   defining Unicode char U+203B (decimal 8251)
   defining Unicode char U+203D (decimal 8253)
   defining Unicode char U+2044 (decimal 8260)
   defining Unicode char U+204E (decimal 8270)
   defining Unicode char U+2052 (decimal 8274)
   defining Unicode char U+20A1 (decimal 8353)
   defining Unicode char U+20A4 (decimal 8356)
   defining Unicode char U+20A6 (decimal 8358)
   defining Unicode char U+20A9 (decimal 8361)
   defining Unicode char U+20AB (decimal 8363)
   defining Unicode char U+20AC (decimal 8364)
   defining Unicode char U+20B1 (decimal 8369)
   defining Unicode char U+2103 (decimal 8451)
   defining Unicode char U+2116 (decimal 8470)
   defining Unicode char U+2117 (decimal 8471)
   defining Unicode char U+211E (decimal 8478)
   defining Unicode char U+2120 (decimal 8480)
   defining Unicode char U+2122 (decimal 8482)
   defining Unicode char U+2126 (decimal 8486)
   defining Unicode char U+2127 (decimal 8487)
   defining Unicode char U+212E (decimal 8494)
   defining Unicode char U+2190 (decimal 8592)
   defining Unicode char U+2191 (decimal 8593)
   defining Unicode char U+2192 (decimal 8594)
   defining Unicode char U+2193 (decimal 8595)
   defining Unicode char U+2329 (decimal 9001)
   defining Unicode char U+3008 (decimal 12296)
   defining Unicode char U+232A (decimal 9002)
   defining Unicode char U+3009 (decimal 12297)
   defining Unicode char U+2422 (decimal 9250)
   defining Unicode char U+25E6 (decimal 9702)
   defining Unicode char U+25EF (decimal 9711)
   defining Unicode char U+266A (decimal 9834)
   defining Unicode char U+27E8 (decimal 10216)
   defining Unicode char U+27E9 (decimal 10217)
   defining Unicode char U+FEFF (decimal 65279)
)
Now handling font encoding OMX ...
... no UTF-8 mapping file for font encoding OMX
Now handling font encoding U ...
... no UTF-8 mapping file for font encoding U
   defining Unicode char U+00A9 (decimal 169)
   defining Unicode char U+00AA (decimal 170)
   defining Unicode char U+00AE (decimal 174)
   defining Unicode char U+00BA (decimal 186)
   defining Unicode char U+02C6 (decimal 710)
   defining Unicode char U+02DC (decimal 732)
   defining Unicode char U+200C (decimal 8204)
   defining Unicode char U+2026 (decimal 8230)
   defining Unicode char U+2122 (decimal 8482)
   defining Unicode char U+2423 (decimal 9251)
   defining Unicode char U+FEFF (decimal 65279)
)) (C:\Users\lucas\AppData\Local\Programs\MiKTeX\tex/latex/setspace\setspace.sty
Package: setspace 2022/12/04 v6.7b set line spacing
) (C:\Users\lucas\AppData\Local\Programs\MiKTeX\tex/latex/fancyhdr\fancyhdr.sty
Package: fancyhdr 2025/02/07 v5.2 Extensive control of page headers and footers
\f@nch@headwidth=\skip54
\f@nch@offset@elh=\skip55
\f@nch@offset@erh=\skip56
\f@nch@offset@olh=\skip57
\f@nch@offset@orh=\skip58
\f@nch@offset@elf=\skip59
\f@nch@offset@erf=\skip60
\f@nch@offset@olf=\skip61
\f@nch@offset@orf=\skip62
\f@nch@height=\skip63
\f@nch@footalignment=\skip64
\f@nch@widthL=\skip65
\f@nch@widthC=\skip66
\f@nch@widthR=\skip67
\@temptokenb=\toks19
) (C:\Users\lucas\AppData\Local\Programs\MiKTeX\tex/latex/amsfonts\amsfonts.sty
Package: amsfonts 2013/01/14 v3.01 Basic AMSFonts support
\@emptytoks=\toks20
\symAMSa=\mathgroup4
\symAMSb=\mathgroup5
LaTeX Font Info:    Redeclaring math symbol \hbar on input line 98.
LaTeX Font Info:    Overwriting math alphabet `\mathfrak' in version `bold'
(Font)                  U/euf/m/n --> U/euf/b/n on input line 106.
) (C:\Users\lucas\AppData\Local\Programs\MiKTeX\tex/latex/lastpage\lastpage.sty
Package: lastpage 2025/06/06 v2.1g lastpage: 2.09 or 2e? (HMM)
 (C:\Users\lucas\AppData\Local\Programs\MiKTeX\tex/latex/lastpage\lastpage2e.sty
Package: lastpage2e 2025/06/06 v2.1g Decide which 2e lastpage version to use (HMM)
 (C:\Users\lucas\AppData\Local\Programs\MiKTeX\tex/latex/lastpage\lastpagemodern.sty
Package: lastpagemodern 2025-06-06 v2.1g Refers to last page's name (HMM; JPG)
\c@lastpagecount=\count289
) 
)) (C:\Users\lucas\AppData\Local\Programs\MiKTeX\tex/latex/tools\indentfirst.sty
Package: indentfirst 2023/07/02 v1.03 Indent first paragraph (DPC)
) (C:\Users\lucas\AppData\Local\Programs\MiKTeX\tex/latex/caption\caption.sty
Package: caption 2023/08/05 v3.6o Customizing captions (AR)
 (C:\Users\lucas\AppData\Local\Programs\MiKTeX\tex/latex/caption\caption3.sty
Package: caption3 2023/07/31 v2.4d caption3 kernel (AR)
 (C:\Users\lucas\AppData\Local\Programs\MiKTeX\tex/latex/graphics\keyval.sty
Package: keyval 2022/05/29 v1.15 key=value parser (DPC)
\KV@toks@=\toks21
)
\caption@tempdima=\dimen152
\captionmargin=\dimen153
\caption@leftmargin=\dimen154
\caption@rightmargin=\dimen155
\caption@width=\dimen156
\caption@indent=\dimen157
\caption@parindent=\dimen158
\caption@hangindent=\dimen159
Package caption Info: Standard document class detected.
)
\c@caption@flags=\count290
\c@continuedfloat=\count291
) (C:\Users\lucas\AppData\Local\Programs\MiKTeX\tex/latex/tools\longtable.sty
Package: longtable 2024-12-18 v4.23 Multi-page Table package (DPC)
\LTleft=\skip68
\LTright=\skip69
\LTpre=\skip70
\LTpost=\skip71
\LTchunksize=\count292
\LTcapwidth=\dimen160
\LT@head=\box53
\LT@firsthead=\box54
\LT@foot=\box55
\LT@lastfoot=\box56
\LT@gbox=\box57
\LT@cols=\count293
\LT@rows=\count294
\c@LT@tables=\count295
\c@LT@chunks=\count296
\LT@p@ftn=\toks22
) (C:\Users\lucas\AppData\Local\Programs\MiKTeX\tex/latex/tools\array.sty
Package: array 2025/06/08 v2.6j Tabular extension package (FMi)
\col@sep=\dimen161
\ar@mcellbox=\box58
\extrarowheight=\dimen162
\NC@list=\toks23
\extratabsurround=\skip72
\backup@length=\skip73
\ar@cellbox=\box59
) (C:\Users\lucas\AppData\Local\Programs\MiKTeX\tex/latex/tools\tabularx.sty
Package: tabularx 2023/12/11 v2.12a `tabularx' package (DPC)
\TX@col@width=\dimen163
\TX@old@table=\dimen164
\TX@old@col=\dimen165
\TX@target=\dimen166
\TX@delta=\dimen167
\TX@cols=\count297
\TX@ftn=\toks24
) (makeglo.sty
Package: makeglo 
\glossentrylen=\skip74
) (C:\Users\lucas\AppData\Local\Programs\MiKTeX\tex/latex/graphics\color.sty
Package: color 2025/01/14 v1.3e Standard LaTeX Color (DPC)
 (C:\Users\lucas\AppData\Local\Programs\MiKTeX\tex/latex/graphics-cfg\color.cfg
File: color.cfg 2016/01/02 v1.6 sample color configuration
)
Package color Info: Driver file: pdftex.def on input line 149.
 (C:\Users\lucas\AppData\Local\Programs\MiKTeX\tex/latex/graphics-def\pdftex.def
File: pdftex.def 2024/04/13 v1.2c Graphics/color driver for pdftex
) (C:\Users\lucas\AppData\Local\Programs\MiKTeX\tex/latex/graphics\mathcolor.ltx)) (C:\Users\lucas\AppData\Local\Programs\MiKTeX\tex/latex/hyphenat\hyphenat.sty
Package: hyphenat 2009/09/02 v2.3c hyphenation utilities
\langwohyphens=\language80
LaTeX Info: Redefining \_ on input line 43.
) (C:\Users\lucas\AppData\Local\Programs\MiKTeX\tex/latex/base\makeidx.sty
Package: makeidx 2021/10/04 v1.0m Standard LaTeX package
) (C:\Users\lucas\AppData\Local\Programs\MiKTeX\tex/latex/hyperref\hyperref.sty
Package: hyperref 2025-05-20 v7.01m Hypertext links for LaTeX
 (C:\Users\lucas\AppData\Local\Programs\MiKTeX\tex/latex/kvsetkeys\kvsetkeys.sty
Package: kvsetkeys 2022-10-05 v1.19 Key value parser (HO)
) (C:\Users\lucas\AppData\Local\Programs\MiKTeX\tex/generic/kvdefinekeys\kvdefinekeys.sty
Package: kvdefinekeys 2019-12-19 v1.6 Define keys (HO)
) (C:\Users\lucas\AppData\Local\Programs\MiKTeX\tex/generic/pdfescape\pdfescape.sty
Package: pdfescape 2019/12/09 v1.15 Implements pdfTeX's escape features (HO)
 (C:\Users\lucas\AppData\Local\Programs\MiKTeX\tex/generic/ltxcmds\ltxcmds.sty
Package: ltxcmds 2023-12-04 v1.26 LaTeX kernel commands for general use (HO)
) (C:\Users\lucas\AppData\Local\Programs\MiKTeX\tex/generic/pdftexcmds\pdftexcmds.sty
Package: pdftexcmds 2020-06-27 v0.33 Utility functions of pdfTeX for LuaTeX (HO)
 (C:\Users\lucas\AppData\Local\Programs\MiKTeX\tex/generic/infwarerr\infwarerr.sty
Package: infwarerr 2019/12/03 v1.5 Providing info/warning/error messages (HO)
)
Package pdftexcmds Info: \pdf@primitive is available.
Package pdftexcmds Info: \pdf@ifprimitive is available.
Package pdftexcmds Info: \pdfdraftmode found.
)) (C:\Users\lucas\AppData\Local\Programs\MiKTeX\tex/latex/hycolor\hycolor.sty
Package: hycolor 2020-01-27 v1.10 Color options for hyperref/bookmark (HO)
) (C:\Users\lucas\AppData\Local\Programs\MiKTeX\tex/latex/hyperref\nameref.sty
Package: nameref 2023-11-26 v2.56 Cross-referencing by name of section
 (C:\Users\lucas\AppData\Local\Programs\MiKTeX\tex/latex/refcount\refcount.sty
Package: refcount 2019/12/15 v3.6 Data extraction from label references (HO)
) (C:\Users\lucas\AppData\Local\Programs\MiKTeX\tex/generic/gettitlestring\gettitlestring.sty
Package: gettitlestring 2019/12/15 v1.6 Cleanup title references (HO)
 (C:\Users\lucas\AppData\Local\Programs\MiKTeX\tex/latex/kvoptions\kvoptions.sty
Package: kvoptions 2022-06-15 v3.15 Key value format for package options (HO)
))
\c@section@level=\count298
) (C:\Users\lucas\AppData\Local\Programs\MiKTeX\tex/latex/etoolbox\etoolbox.sty
Package: etoolbox 2025/02/11 v2.5l e-TeX tools for LaTeX (JAW)
\etb@tempcnta=\count299
) (C:\Users\lucas\AppData\Local\Programs\MiKTeX\tex/generic/stringenc\stringenc.sty
Package: stringenc 2019/11/29 v1.12 Convert strings between diff. encodings (HO)
)
\@linkdim=\dimen168
\Hy@linkcounter=\count300
\Hy@pagecounter=\count301
 (C:\Users\lucas\AppData\Local\Programs\MiKTeX\tex/latex/hyperref\pd1enc.def
File: pd1enc.def 2025-05-20 v7.01m Hyperref: PDFDocEncoding definition (HO)
Now handling font encoding PD1 ...
... no UTF-8 mapping file for font encoding PD1
) (C:\Users\lucas\AppData\Local\Programs\MiKTeX\tex/generic/intcalc\intcalc.sty
Package: intcalc 2019/12/15 v1.3 Expandable calculations with integers (HO)
)
\Hy@SavedSpaceFactor=\count302
 (C:\Users\lucas\AppData\Local\Programs\MiKTeX\tex/latex/hyperref\puenc.def
File: puenc.def 2025-05-20 v7.01m Hyperref: PDF Unicode definition (HO)
Now handling font encoding PU ...
... no UTF-8 mapping file for font encoding PU
)
Package hyperref Info: Option `debug' set `true' on input line 4040.


Package hyperref Warning: Option `a4paper' is no longer used.

Package hyperref Info: Option `breaklinks' set `true' on input line 4040.
Package hyperref Info: Option `bookmarksopen' set `true' on input line 4040.
Package hyperref Info: Option `colorlinks' set `true' on input line 4040.
Package hyperref Info: Option `bookmarksnumbered' set `true' on input line 4040.
Package hyperref Info: Option `hyperindex' set `true' on input line 4040.
Package hyperref Info: Option `verbose' set `true' on input line 4040.
Package hyperref Info: Hyper figures OFF on input line 4157.
Package hyperref Info: Link nesting OFF on input line 4162.
Package hyperref Info: Hyper index ON on input line 4165.
Package hyperref Info: Plain pages OFF on input line 4172.
Package hyperref Info: Backreferencing ON on input line 4175.
Package hyperref Info: Implicit mode ON; LaTeX internals redefined.
Package hyperref Info: Bookmarks ON on input line 4424.
(C:\Users\lucas\AppData\Local\Programs\MiKTeX\tex/latex/hyperref\backref.sty
Package: backref 2023-11-26 v1.44 Bibliographical back referencing
 (C:\Users\lucas\AppData\Local\Programs\MiKTeX\tex/latex/rerunfilecheck\rerunfilecheck.sty
Package: rerunfilecheck 2022-07-10 v1.10 Rerun checks for auxiliary files (HO)
 (C:\Users\lucas\AppData\Local\Programs\MiKTeX\tex/latex/base\atveryend-ltx.sty
Package: atveryend-ltx 2020/08/19 v1.0a Emulation of the original atveryend package
with kernel methods
) (C:\Users\lucas\AppData\Local\Programs\MiKTeX\tex/generic/uniquecounter\uniquecounter.sty
Package: uniquecounter 2019/12/15 v1.4 Provide unlimited unique counter (HO)
 (C:\Users\lucas\AppData\Local\Programs\MiKTeX\tex/generic/bigintcalc\bigintcalc.sty
Package: bigintcalc 2019/12/15 v1.5 Expandable calculations on big integers (HO)
))
Package uniquecounter Info: New unique counter `rerunfilecheck' on input line 285.
))
\c@Hy@tempcnt=\count303
 (C:\Users\lucas\AppData\Local\Programs\MiKTeX\tex/latex/url\url.sty
\Urlmuskip=\muskip17
Package: url 2013/09/16  ver 3.4  Verb mode for urls, etc.
)
LaTeX Info: Redefining \url on input line 4763.
\XeTeXLinkMargin=\dimen169
 (C:\Users\lucas\AppData\Local\Programs\MiKTeX\tex/generic/bitset\bitset.sty
Package: bitset 2019/12/09 v1.3 Handle bit-vector datatype (HO)
)
\Fld@menulength=\count304
\Field@Width=\dimen170
\Fld@charsize=\dimen171
Package hyperref Info: Hyper figures OFF on input line 6042.
Package hyperref Info: Link nesting OFF on input line 6047.
Package hyperref Info: Hyper index ON on input line 6050.
Package hyperref Info: backreferencing ON on input line 6055.
Package hyperref Info: Link coloring ON on input line 6060.
Package hyperref Info: Link coloring with OCG OFF on input line 6067.
Package hyperref Info: PDF/A mode OFF on input line 6072.
 (C:\Users\lucas\AppData\Local\Programs\MiKTeX\tex/latex/base\atbegshi-ltx.sty
Package: atbegshi-ltx 2021/01/10 v1.0c Emulation of the original atbegshi
package with kernel methods
)
\Hy@abspage=\count305
\c@Item=\count306
\c@Hfootnote=\count307
)
Package hyperref Info: Driver (autodetected): hpdftex.
 (C:\Users\lucas\AppData\Local\Programs\MiKTeX\tex/latex/hyperref\hpdftex.def
File: hpdftex.def 2025-05-20 v7.01m Hyperref driver for pdfTeX
\Fld@listcount=\count308
\c@bookmark@seq@number=\count309
\Hy@SectionHShift=\skip75
) (C:\Users\lucas\AppData\Local\Programs\MiKTeX\tex/latex/ae\ae.sty
Package: ae 2001/02/12 1.3 Almost European Computer Modern
 (C:\Users\lucas\AppData\Local\Programs\MiKTeX\tex/latex/base\fontenc.sty
Package: fontenc 2024/12/21 v2.1c Standard LaTeX package
)) (C:\Users\lucas\AppData\Local\Programs\MiKTeX\tex/latex/graphics\graphicx.sty
Package: graphicx 2024/12/31 v1.2e Enhanced LaTeX Graphics (DPC,SPQR)
 (C:\Users\lucas\AppData\Local\Programs\MiKTeX\tex/latex/graphics\graphics.sty
Package: graphics 2024/08/06 v1.4g Standard LaTeX Graphics (DPC,SPQR)
 (C:\Users\lucas\AppData\Local\Programs\MiKTeX\tex/latex/graphics\trig.sty
Package: trig 2023/12/02 v1.11 sin cos tan (DPC)
) (C:\Users\lucas\AppData\Local\Programs\MiKTeX\tex/latex/graphics-cfg\graphics.cfg
File: graphics.cfg 2016/06/04 v1.11 sample graphics configuration
)
Package graphics Info: Driver file: pdftex.def on input line 106.
)
\Gin@req@height=\dimen172
\Gin@req@width=\dimen173
) (C:\Users\lucas\AppData\Local\Programs\MiKTeX\tex/latex/geometry\geometry.sty
Package: geometry 2020/01/02 v5.9 Page Geometry
 (C:\Users\lucas\AppData\Local\Programs\MiKTeX\tex/generic/iftex\ifvtex.sty
Package: ifvtex 2019/10/25 v1.7 ifvtex legacy package. Use iftex instead.
)
\Gm@cnth=\count310
\Gm@cntv=\count311
\c@Gm@tempcnt=\count312
\Gm@bindingoffset=\dimen174
\Gm@wd@mp=\dimen175
\Gm@odd@mp=\dimen176
\Gm@even@mp=\dimen177
\Gm@layoutwidth=\dimen178
\Gm@layoutheight=\dimen179
\Gm@layouthoffset=\dimen180
\Gm@layoutvoffset=\dimen181
\Gm@dimlist=\toks25
 (C:\Users\lucas\AppData\Local\Programs\MiKTeX\tex/latex/geometry\geometry.cfg)) (abntcite.sty (abnt/cvs-id.def)
Package: abntcite 2003/10/13 v1.26 Chamadas de referencias no texto (NBR10520)
 (abntex-abrev.sty (abnt/cvs-id.def)
Package: abntex-abrev 2003/10/13 v1.3 Abreviacoes
 (abnt/nbr10522-1988.def (abnt/cvs-id.def)
File: nbr10522-1988.def 2003/10/13 v1.2 Abreviacoes bibliograficas (NBR10522:1988)
) (abnt/abntex-abrev-pt_BR.def (abnt/cvs-id.def)
File: abntex-abrev-pt_BR.def 2003/10/13 v1.2 definicao de abntex-abrev, traducao de termos en_US/pt_BR
)) (abnt/nbr10520-2002.def (abnt/cvs-id.def)
File: nbr10520-2002.def 2003/10/13 v1.2 Definicoes para abntcite (NBR10520:2002)
)
\minimumbiblabelwidth=\skip76
\ABCIauxlen=\skip77
\c@ABCIaux=\count313
\c@ABCImax=\count314
 (C:\Users\lucas\AppData\Local\Programs\MiKTeX\tex/latex/relsize\relsize.sty
Package: relsize 2013/03/29 ver 4.1
)
\biblabelsep=\skip78
LaTeX Info: Redefining \newblock on input line 562.
LaTeX Info: Redefining \cite on input line 589.
\ABCItoken=\toks26
)
\c@mecounter=\count315
\c@kwcipcounter=\count316
\nohyphen=\language81
) (C:\Users\lucas\AppData\Local\Programs\MiKTeX\tex/latex/graphics\epsfig.sty
Package: epsfig 2024/01/14 v1.7b (e)psfig emulation (SPQR)
\epsfxsize=\dimen182
\epsfysize=\dimen183
) (C:\Users\lucas\AppData\Local\Programs\MiKTeX\tex/latex/amsmath\amsmath.sty
Package: amsmath 2025/06/16 v2.17y AMS math features
\@mathmargin=\skip79

For additional information on amsmath, use the `?' option.
(C:\Users\lucas\AppData\Local\Programs\MiKTeX\tex/latex/amsmath\amstext.sty
Package: amstext 2024/11/17 v2.01 AMS text
 (C:\Users\lucas\AppData\Local\Programs\MiKTeX\tex/latex/amsmath\amsgen.sty
File: amsgen.sty 1999/11/30 v2.0 generic functions
\@emptytoks=\toks27
\ex@=\dimen184
)) (C:\Users\lucas\AppData\Local\Programs\MiKTeX\tex/latex/amsmath\amsbsy.sty
Package: amsbsy 1999/11/29 v1.2d Bold Symbols
\pmbraise@=\dimen185
) (C:\Users\lucas\AppData\Local\Programs\MiKTeX\tex/latex/amsmath\amsopn.sty
Package: amsopn 2022/04/08 v2.04 operator names
)
\inf@bad=\count317
LaTeX Info: Redefining \frac on input line 233.
\uproot@=\count318
\leftroot@=\count319
LaTeX Info: Redefining \overline on input line 398.
LaTeX Info: Redefining \colon on input line 409.
\classnum@=\count320
\DOTSCASE@=\count321
LaTeX Info: Redefining \ldots on input line 495.
LaTeX Info: Redefining \dots on input line 498.
LaTeX Info: Redefining \cdots on input line 619.
\Mathstrutbox@=\box60
\strutbox@=\box61
LaTeX Info: Redefining \big on input line 721.
LaTeX Info: Redefining \Big on input line 722.
LaTeX Info: Redefining \bigg on input line 723.
LaTeX Info: Redefining \Bigg on input line 724.
\big@size=\dimen186
LaTeX Font Info:    Redeclaring font encoding OML on input line 742.
LaTeX Font Info:    Redeclaring font encoding OMS on input line 743.
\macc@depth=\count322
LaTeX Info: Redefining \bmod on input line 904.
LaTeX Info: Redefining \pmod on input line 909.
LaTeX Info: Redefining \smash on input line 939.
LaTeX Info: Redefining \relbar on input line 969.
LaTeX Info: Redefining \Relbar on input line 970.
\c@MaxMatrixCols=\count323
\dotsspace@=\muskip18
\c@parentequation=\count324
\dspbrk@lvl=\count325
\tag@help=\toks28
\row@=\count326
\column@=\count327
\maxfields@=\count328
\andhelp@=\toks29
\eqnshift@=\dimen187
\alignsep@=\dimen188
\tagshift@=\dimen189
\tagwidth@=\dimen190
\totwidth@=\dimen191
\lineht@=\dimen192
\@envbody=\toks30
\multlinegap=\skip80
\multlinetaggap=\skip81
\mathdisplay@stack=\toks31
LaTeX Info: Redefining \[ on input line 2949.
LaTeX Info: Redefining \] on input line 2950.
) (C:\Users\lucas\AppData\Local\Programs\MiKTeX\tex/latex/tools\bm.sty
Package: bm 2023/12/19 v1.2f Bold Symbol Support (DPC/FMi)
\symboldoperators=\mathgroup6
\symboldletters=\mathgroup7
\symboldsymbols=\mathgroup8
Package bm Info: No bold for \OMX/cmex/m/n, using \pmb.
Package bm Info: No bold for \U/msa/m/n, using \pmb.
Package bm Info: No bold for \U/msb/m/n, using \pmb.
LaTeX Font Info:    Redeclaring math alphabet \mathbf on input line 149.
) (C:\Users\lucas\AppData\Local\Programs\MiKTeX\tex/latex/amsfonts\amssymb.sty
Package: amssymb 2013/01/14 v3.01 AMS font symbols
) (C:\Users\lucas\AppData\Local\Programs\MiKTeX\tex/latex/subfig\subfig.sty
Package: subfig 2005/06/28 ver: 1.3 subfig package
\c@KVtest=\count329
\sf@farskip=\skip82
\sf@captopadj=\dimen193
\sf@capskip=\skip83
\sf@nearskip=\skip84
\c@subfigure=\count330
\c@subfigure@save=\count331
\c@lofdepth=\count332
\c@subtable=\count333
\c@subtable@save=\count334
\c@lotdepth=\count335
\sf@top=\skip85
\sf@bottom=\skip86
) (C:\Users\lucas\AppData\Local\Programs\MiKTeX\tex/latex/multirow\multirow.sty
Package: multirow 2024/11/12 v2.9 Span multiple rows of a table
\multirow@colwidth=\skip87
\multirow@cntb=\count336
\multirow@dima=\skip88
\bigstrutjot=\dimen194
) (C:\Users\lucas\AppData\Local\Programs\MiKTeX\tex/latex/float\float.sty
Package: float 2001/11/08 v1.3d Float enhancements (AL)
\c@float@type=\count337
\float@exts=\toks32
\float@box=\box62
\@float@everytoks=\toks33
\@floatcapt=\box63
) (C:\Users\lucas\AppData\Local\Programs\MiKTeX\tex/latex/amscls\amsthm.sty
Package: amsthm 2020/05/29 v2.20.6
\thm@style=\toks34
\thm@bodyfont=\toks35
\thm@headfont=\toks36
\thm@notefont=\toks37
\thm@headpunct=\toks38
\thm@preskip=\skip89
\thm@postskip=\skip90
\thm@headsep=\skip91
\dth@everypar=\toks39
) (C:\Users\lucas\AppData\Local\Programs\MiKTeX\tex/latex/appendix\appendix.sty
Package: appendix 2020/02/08 v1.2c extra appendix facilities
\c@@pps=\count338
\c@@ppsavesec=\count339
\c@@ppsaveapp=\count340
) (C:\Users\lucas\AppData\Local\Programs\MiKTeX\tex/latex/graphics\lscape.sty
Package: lscape 2020/05/28 v3.02 Landscape Pages (DPC)
) (C:\Users\lucas\AppData\Local\Programs\MiKTeX\tex/latex/tools\multicol.sty
Package: multicol 2025/05/25 v2.0a multicolumn formatting (FMi)
\c@tracingmulticols=\count341
\mult@box=\box64
\multicol@leftmargin=\dimen195
\c@unbalance=\count342
\c@collectmore=\count343
\doublecol@number=\count344
\multicoltolerance=\count345
\multicolpretolerance=\count346
\full@width=\dimen196
\page@free=\dimen197
\premulticols=\dimen198
\postmulticols=\dimen199
\multicolsep=\skip92
\multicolbaselineskip=\skip93
\partial@page=\box65
\last@line=\box66
\mc@boxedresult=\box67
\maxbalancingoverflow=\dimen256
\mult@rightbox=\box68
\mult@grightbox=\box69
\mult@firstbox=\box70
\mult@gfirstbox=\box71
\@tempa=\box72
\@tempa=\box73
\@tempa=\box74
\@tempa=\box75
\@tempa=\box76
\@tempa=\box77
\@tempa=\box78
\@tempa=\box79
\@tempa=\box80
\@tempa=\box81
\@tempa=\box82
\@tempa=\box83
\@tempa=\box84
\@tempa=\box85
\@tempa=\box86
\@tempa=\box87
\@tempa=\box88
\@tempa=\box89
\@tempa=\box90
\@tempa=\box91
\@tempa=\box92
\@tempa=\box93
\@tempa=\box94
\@tempa=\box95
\@tempa=\box96
\@tempa=\box97
\@tempa=\box98
\@tempa=\box99
\@tempa=\box100
\@tempa=\box101
\@tempa=\box102
\@tempa=\box103
\@tempa=\box104
\@tempa=\box105
\@tempa=\box106
\@tempa=\box107
\c@minrows=\count347
\c@columnbadness=\count348
\c@finalcolumnbadness=\count349
\last@try=\dimen257
\multicolovershoot=\dimen258
\multicolundershoot=\dimen259
\mult@nat@firstbox=\box108
\colbreak@box=\box109
\mc@col@check@num=\count350
\g__mc_curr_col_int=\count351
) (C:\Users\lucas\AppData\Local\Programs\MiKTeX\tex/latex/cancel\cancel.sty
Package: cancel 2013/04/12 v2.2 Cancel math terms
) (C:\Users\lucas\AppData\Local\Programs\MiKTeX\tex/latex/lettrine\lettrine.sty
File: lettrine.sty 2025-01-30 v2.80 (Daniel Flipo)
 (C:\Users\lucas\AppData\Local\Programs\MiKTeX\tex/latex/l3packages/xfp\xfp.sty (C:\Users\lucas\AppData\Local\Programs\MiKTeX\tex/latex/l3kernel\expl3.sty
Package: expl3 2025-05-26 L3 programming layer (loader) 
 (C:\Users\lucas\AppData\Local\Programs\MiKTeX\tex/latex/l3backend\l3backend-pdftex.def
File: l3backend-pdftex.def 2025-04-14 L3 backend support: PDF output (pdfTeX)
\l__color_backend_stack_int=\count352
))
Package: xfp 2024-08-16 L3 Floating point unit
)
\c@DefaultLines=\count353
\c@DefaultDepth=\count354
\DefaultFindent=\dimen260
\DefaultNindent=\dimen261
\DefaultSlope=\dimen262
\DiscardVskip=\dimen263
\L@lettrine=\box110
\L@lbox=\box111
\L@tbox=\box112
\c@L@lines=\count355
\c@L@depth=\count356
\L@Pindent=\dimen264
\L@Findent=\dimen265
\L@Nindent=\dimen266
\L@lraise=\dimen267
\L@first=\dimen268
\L@next=\dimen269
\L@slope=\dimen270
\L@height=\dimen271
\L@novskip=\dimen272
\L@target@ht=\dimen273
\L@target@dp=\dimen274
\L@target@tht=\dimen275
\LettrineWidth=\dimen276
\LettrineHeight=\dimen277
\LettrineDepth=\dimen278
\L@finalht=\dimen279
\L@finaldp=\dimen280

Loading lettrine.cfg
(C:\Users\lucas\AppData\Local\Programs\MiKTeX\tex/latex/lettrine\lettrine.cfg)
\Lettrine@tweaks=\toks40
\Llist@everypar=\toks41
) (C:\Users\lucas\AppData\Local\Programs\MiKTeX\tex/latex/placeins\placeins.sty
Package: placeins 2005/04/18  v 2.2
) (C:\Users\lucas\AppData\Local\Programs\MiKTeX\tex/latex/listings\listings.sty
\lst@mode=\count357
\lst@gtempboxa=\box113
\lst@token=\toks42
\lst@length=\count358
\lst@currlwidth=\dimen281
\lst@column=\count359
\lst@pos=\count360
\lst@lostspace=\dimen282
\lst@width=\dimen283
\lst@newlines=\count361
\lst@lineno=\count362
\lst@maxwidth=\dimen284
 (C:\Users\lucas\AppData\Local\Programs\MiKTeX\tex/latex/listings\lstpatch.sty
File: lstpatch.sty 2024/09/23 1.10c (Carsten Heinz)
) (C:\Users\lucas\AppData\Local\Programs\MiKTeX\tex/latex/listings\lstmisc.sty
File: lstmisc.sty 2024/09/23 1.10c (Carsten Heinz)
\c@lstnumber=\count363
\lst@skipnumbers=\count364
\lst@framebox=\box114
) (C:\Users\lucas\AppData\Local\Programs\MiKTeX\tex/latex/listings\listings.cfg
File: listings.cfg 2024/09/23 1.10c listings configuration
))
Package: listings 2024/09/23 1.10c (Carsten Heinz)
 (C:\Users\lucas\AppData\Local\Programs\MiKTeX\tex/latex/booktabs\booktabs.sty
Package: booktabs 2020/01/12 v1.61803398 Publication quality tables
\heavyrulewidth=\dimen285
\lightrulewidth=\dimen286
\cmidrulewidth=\dimen287
\belowrulesep=\dimen288
\belowbottomsep=\dimen289
\aboverulesep=\dimen290
\abovetopsep=\dimen291
\cmidrulesep=\dimen292
\cmidrulekern=\dimen293
\defaultaddspace=\dimen294
\@cmidla=\count365
\@cmidlb=\count366
\@aboverulesep=\dimen295
\@belowrulesep=\dimen296
\@thisruleclass=\count367
\@lastruleclass=\count368
\@thisrulewidth=\dimen297
)
\@glossaryfile=\write3
\openout3 = `tese.glo'.


Writing glossary file tese.glo 
LaTeX Font Info:    Trying to load font information for T1+aer on input line 142.
(C:\Users\lucas\AppData\Local\Programs\MiKTeX\tex/latex/ae\t1aer.fd
File: t1aer.fd 1997/11/16 Font definitions for T1/aer.
) (tese.aux)
\openout1 = `tese.aux'.

LaTeX Font Info:    Checking defaults for OML/cmm/m/it on input line 142.
LaTeX Font Info:    ... okay on input line 142.
LaTeX Font Info:    Checking defaults for OMS/cmsy/m/n on input line 142.
LaTeX Font Info:    ... okay on input line 142.
LaTeX Font Info:    Checking defaults for OT1/cmr/m/n on input line 142.
LaTeX Font Info:    ... okay on input line 142.
LaTeX Font Info:    Checking defaults for T1/cmr/m/n on input line 142.
LaTeX Font Info:    ... okay on input line 142.
LaTeX Font Info:    Checking defaults for TS1/cmr/m/n on input line 142.
LaTeX Font Info:    ... okay on input line 142.
LaTeX Font Info:    Checking defaults for OMX/cmex/m/n on input line 142.
LaTeX Font Info:    ... okay on input line 142.
LaTeX Font Info:    Checking defaults for U/cmr/m/n on input line 142.
LaTeX Font Info:    ... okay on input line 142.
LaTeX Font Info:    Checking defaults for PD1/pdf/m/n on input line 142.
LaTeX Font Info:    ... okay on input line 142.
LaTeX Font Info:    Checking defaults for PU/pdf/m/n on input line 142.
LaTeX Font Info:    ... okay on input line 142.
Package caption Info: Begin \AtBeginDocument code.
Package caption Info: subfig package v1.3 is loaded.
Package caption Info: float package is loaded.
Package caption Info: hyperref package is loaded.
Package caption Info: listings package is loaded.
Package caption Info: longtable package is loaded.
 (C:\Users\lucas\AppData\Local\Programs\MiKTeX\tex/latex/caption\ltcaption.sty
Package: ltcaption 2021/01/08 v1.4c longtable captions (AR)
)
Package caption Info: End \AtBeginDocument code.
 (C:\Users\lucas\AppData\Local\Programs\MiKTeX\tex/context/base/mkii\supp-pdf.mkii
[Loading MPS to PDF converter (version 2006.09.02).]
\scratchcounter=\count369
\scratchdimen=\dimen298
\scratchbox=\box115
\nofMPsegments=\count370
\nofMParguments=\count371
\everyMPshowfont=\toks43
\MPscratchCnt=\count372
\MPscratchDim=\dimen299
\MPnumerator=\count373
\makeMPintoPDFobject=\count374
\everyMPtoPDFconversion=\toks44
) (C:\Users\lucas\AppData\Local\Programs\MiKTeX\tex/latex/epstopdf-pkg\epstopdf-base.sty
Package: epstopdf-base 2020-01-24 v2.11 Base part for package epstopdf
Package epstopdf-base Info: Redefining graphics rule for `.eps' on input line 485.
 (C:\Users\lucas\AppData\Local\Programs\MiKTeX\tex/latex/00miktex\epstopdf-sys.cfg
File: epstopdf-sys.cfg 2021/03/18 v2.0 Configuration of epstopdf for MiKTeX
))
Package hyperref Info: Link coloring ON on input line 142.
 (tese.out) (tese.out)
\@outlinefile=\write4
\openout4 = `tese.out'.

Package hyperref Info: Anchor `Doc-Start' on input line 142.

*geometry* detected driver: pdftex
*geometry* verbose mode - [ preamble ] result:
* driver: pdftex
* paper: a4paper
* layout: <same size as paper>
* layoutoffset:(h,v)=(0.0pt,0.0pt)
* modes: 
* h-part:(L,W,R)=(85.35826pt, 455.24411pt, 56.9055pt)
* v-part:(T,H,B)=(85.35826pt, 702.78308pt, 56.9055pt)
* \paperwidth=597.50787pt
* \paperheight=845.04684pt
* \textwidth=455.24411pt
* \textheight=702.78308pt
* \oddsidemargin=13.08827pt
* \evensidemargin=13.08827pt
* \topmargin=-17.07156pt
* \headheight=15.93347pt
* \headsep=14.22636pt
* \topskip=12.0pt
* \footskip=35.2414pt
* \marginparwidth=38.0pt
* \marginparsep=7.0pt
* \columnsep=10.0pt
* \skip\footins=10.8pt plus 4.0pt minus 2.0pt
* \hoffset=0.0pt
* \voffset=0.0pt
* \mag=1000
* \@twocolumnfalse
* \@twosidefalse
* \@mparswitchfalse
* \@reversemarginfalse
* (1in=72.27pt=25.4mm, 1cm=28.453pt)

\c@butlastpage=\count375
\c@lstlisting=\count376
(PreTextuais/main.tex
Package hyperref Info: Anchor `titulo.0' on input line 2.
LaTeX Font Info:    Trying to load font information for U+msa on input line 2.
 (C:\Users\lucas\AppData\Local\Programs\MiKTeX\tex/latex/amsfonts\umsa.fd
File: umsa.fd 2013/01/14 v3.01 AMS symbols A
)
LaTeX Font Info:    Trying to load font information for U+msb on input line 2.
 (C:\Users\lucas\AppData\Local\Programs\MiKTeX\tex/latex/amsfonts\umsb.fd
File: umsb.fd 2013/01/14 v3.01 AMS symbols B
)

Package hyperref Info: Anchor `page.i' on input line 2.
[1



{C:/Users/lucas/AppData/Local/MiKTeX/fonts/map/pdftex/pdftex.map}]
Package hyperref Info: Anchor `cip.0' on input line 2.

Underfull \hbox (badness 10000) in paragraph at lines 2--2

 []



Package hyperref Info: Anchor `page.ii' on input line 2.
[2]
Package hyperref Info: Anchor `aprovacao.0' on input line 2.


Package hyperref Info: Anchor `page.iii' on input line 2.
[3]
Package hyperref Info: Anchor `dedication.0' on input line 5.


Package hyperref Info: Anchor `page.iv' on input line 9.
[4]

Package hyperref Info: Anchor `page.v' on input line 9.
[5]
Package hyperref Info: Anchor `chapter*.1' on input line 13.
Package hyperref Info: Anchor `acknowledgment.0' on input line 13.
 (PreTextuais/agradecimentos.tex)

Package hyperref Info: Anchor `page.vi' on input line 14.
[6

]
Package hyperref Info: Anchor `epigrafe.0' on input line 18.
 (PreTextuais/epigrafe.tex
LaTeX Font Info:    Trying to load font information for T1+aess on input line 1.
 (C:\Users\lucas\AppData\Local\Programs\MiKTeX\tex/latex/ae\t1aess.fd
File: t1aess.fd 1997/11/16 Font definitions for T1/aess.
)
LaTeX Font Info:    Font shape `T1/aess/m/it' in size <12> not available
(Font)              Font shape `T1/aess/m/sl' tried instead on input line 1.
)

Package hyperref Info: Anchor `page.vii' on input line 27.
[7]
Package hyperref Info: Anchor `chapter*.2' on input line 27.
Package hyperref Info: Anchor `resumo.0' on input line 27.
 (PreTextuais/resumo.tex)

Package hyperref Info: Anchor `page.viii' on input line 33.
[8

]
Package hyperref Info: Anchor `chapter*.3' on input line 33.
Package hyperref Info: Anchor `abstract.0' on input line 33.
 (PreTextuais/abstract.tex)

Package hyperref Info: Anchor `page.ix' on input line 39.
[9

]
Package hyperref Info: Anchor `chapter*.4' on input line 39.
Package hyperref Info: Anchor `listafiguras.0' on input line 39.
 (tese.lof
Package hyperref Info: Reference (link) `figure.caption.9' on input line 4.
Package hyperref Info: Reference (cite) `cite.ColorImage' on input line 4.
Package hyperref Info: Reference (cite) `cite.ColorImage' on input line 4.
Package hyperref Info: Reference (link) `figure.caption.10' on input line 5.
Package hyperref Info: Reference (cite) `cite.Brunton_Kutz_2022' on input line 5.
Package hyperref Info: Reference (cite) `cite.Brunton_Kutz_2022' on input line 5.
Package hyperref Info: Reference (link) `figure.caption.11' on input line 6.
Package hyperref Info: Reference (cite) `cite.poolinglayer' on input line 6.
Package hyperref Info: Reference (cite) `cite.poolinglayer' on input line 6.
Package hyperref Info: Reference (link) `figure.caption.12' on input line 7.
Package hyperref Info: Reference (cite) `cite.Murphy-2012' on input line 7.
Package hyperref Info: Reference (cite) `cite.Murphy-2012' on input line 7.
Package hyperref Info: Reference (link) `figure.caption.13' on input line 8.
Package hyperref Info: Reference (cite) `cite.Brunton_Kutz_2022' on input line 8.
Package hyperref Info: Reference (cite) `cite.Brunton_Kutz_2022' on input line 8.
Package hyperref Info: Reference (link) `figure.caption.14' on input line 9.
Package hyperref Info: Reference (cite) `cite.lin2015microsoftcococommonobjects' on input line 9.
Package hyperref Info: Reference (cite) `cite.lin2015microsoftcococommonobjects' on input line 9.
Package hyperref Info: Reference (link) `figure.caption.16' on input line 10.
Package hyperref Info: Reference (cite) `cite.9145130' on input line 10.
Package hyperref Info: Reference (cite) `cite.9145130' on input line 10.
Package hyperref Info: Reference (link) `figure.caption.17' on input line 11.
Package hyperref Info: Reference (cite) `cite.YOLO' on input line 11.
Package hyperref Info: Reference (cite) `cite.YOLO' on input line 11.
Package hyperref Info: Reference (link) `figure.caption.18' on input line 12.
Package hyperref Info: Reference (cite) `cite.YOLO' on input line 12.
Package hyperref Info: Reference (cite) `cite.YOLO' on input line 12.
Package hyperref Info: Reference (link) `figure.caption.19' on input line 13.
Package hyperref Info: Reference (cite) `cite.Lacey1998TutorialTK' on input line 13.
Package hyperref Info: Reference (cite) `cite.Lacey1998TutorialTK' on input line 13.
Package hyperref Info: Reference (link) `figure.caption.20' on input line 14.
Package hyperref Info: Reference (cite) `cite.Gimbalmodel' on input line 14.
Package hyperref Info: Reference (cite) `cite.Gimbalmodel' on input line 14.
Package hyperref Info: Reference (link) `figure.caption.21' on input line 16.
Package hyperref Info: Reference (link) `figure.caption.22' on input line 17.
Package hyperref Info: Reference (link) `figure.caption.23' on input line 18.
Package hyperref Info: Reference (cite) `cite.Hartley2004' on input line 18.
Package hyperref Info: Reference (cite) `cite.Hartley2004' on input line 18.
Package hyperref Info: Reference (link) `figure.caption.24' on input line 19.
Package hyperref Info: Reference (link) `figure.caption.25' on input line 20.
Package hyperref Info: Reference (link) `figure.caption.27' on input line 21.
Package hyperref Info: Reference (link) `figure.caption.29' on input line 22.
Package hyperref Info: Reference (cite) `cite.servomotorarticle' on input line 22.
Package hyperref Info: Reference (cite) `cite.servomotorarticle' on input line 22.
Package hyperref Info: Reference (link) `figure.caption.30' on input line 23.
LaTeX Font Info:    Trying to load font information for TS1+aer on input line 23.
LaTeX Font Info:    No file TS1aer.fd. on input line 23.


LaTeX Font Warning: Font shape `TS1/aer/m/n' undefined
(Font)              using `TS1/cmr/m/n' instead
(Font)              for symbol `textregistered' on input line 23.



Package hyperref Info: Anchor `page.x' on input line 24.
[10

Package `hyperref' Info: End of reference (cite) `cite.ColorImage', line 4.
Package `hyperref' Info: End of reference (cite) `cite.ColorImage', line 4.
Package `hyperref' Info: End of reference (link) `figure.caption.9', line 4.
Package `hyperref' Info: End of reference (cite) `cite.Brunton_Kutz_2022', line 5.
Package `hyperref' Info: End of reference (cite) `cite.Brunton_Kutz_2022', line 5.
Package `hyperref' Info: End of reference (link) `figure.caption.10', line 5.
Package `hyperref' Info: End of reference (cite) `cite.poolinglayer', line 6.
Package `hyperref' Info: End of reference (cite) `cite.poolinglayer', line 6.
Package `hyperref' Info: End of reference (link) `figure.caption.11', line 6.
Package `hyperref' Info: End of reference (cite) `cite.Murphy-2012', line 7.
Package `hyperref' Info: End of reference (cite) `cite.Murphy-2012', line 7.
Package `hyperref' Info: End of reference (link) `figure.caption.12', line 7.
Package `hyperref' Info: End of reference (cite) `cite.Brunton_Kutz_2022', line 8.
Package `hyperref' Info: End of reference (cite) `cite.Brunton_Kutz_2022', line 8.
Package `hyperref' Info: End of reference (link) `figure.caption.13', line 8.
Package `hyperref' Info: End of reference (cite) `cite.lin2015microsoftcococommonobjects', line 9.
Package `hyperref' Info: End of reference (cite) `cite.lin2015microsoftcococommonobjects', line 9.
Package `hyperref' Info: End of reference (link) `figure.caption.14', line 9.
Package `hyperref' Info: End of reference (cite) `cite.9145130', line 10.
Package `hyperref' Info: End of reference (cite) `cite.9145130', line 10.
Package `hyperref' Info: End of reference (link) `figure.caption.16', line 10.
Package `hyperref' Info: End of reference (cite) `cite.YOLO', line 11.
Package `hyperref' Info: End of reference (cite) `cite.YOLO', line 11.
Package `hyperref' Info: End of reference (link) `figure.caption.17', line 11.
Package `hyperref' Info: End of reference (cite) `cite.YOLO', line 12.
Package `hyperref' Info: End of reference (cite) `cite.YOLO', line 12.
Package `hyperref' Info: End of reference (link) `figure.caption.18', line 12.
Package `hyperref' Info: End of reference (cite) `cite.Lacey1998TutorialTK', line 13.
Package `hyperref' Info: End of reference (cite) `cite.Lacey1998TutorialTK', line 13.
Package `hyperref' Info: End of reference (link) `figure.caption.19', line 13.
Package `hyperref' Info: End of reference (cite) `cite.Gimbalmodel', line 14.
Package `hyperref' Info: End of reference (cite) `cite.Gimbalmodel', line 14.
Package `hyperref' Info: End of reference (link) `figure.caption.20', line 14.
Package `hyperref' Info: End of reference (link) `figure.caption.21', line 16.
Package `hyperref' Info: End of reference (link) `figure.caption.22', line 17.
Package `hyperref' Info: End of reference (cite) `cite.Hartley2004', line 18.
Package `hyperref' Info: End of reference (cite) `cite.Hartley2004', line 18.
Package `hyperref' Info: End of reference (link) `figure.caption.23', line 18.
Package `hyperref' Info: End of reference (link) `figure.caption.24', line 19.
Package `hyperref' Info: End of reference (link) `figure.caption.25', line 20.
Package `hyperref' Info: End of reference (link) `figure.caption.27', line 21.
Package `hyperref' Info: End of reference (cite) `cite.servomotorarticle', line 22.
Package `hyperref' Info: End of reference (cite) `cite.servomotorarticle', line 22.
Package `hyperref' Info: End of reference (link) `figure.caption.29', line 22.
]
Package hyperref Info: Reference (link) `figure.caption.33' on input line 24.
Package hyperref Info: Reference (link) `figure.caption.34' on input line 25.
Package hyperref Info: Reference (link) `figure.caption.35' on input line 26.
Package hyperref Info: Reference (link) `figure.caption.37' on input line 27.
Package hyperref Info: Reference (link) `figure.caption.38' on input line 29.
Package hyperref Info: Reference (link) `figure.caption.40' on input line 30.
Package hyperref Info: Reference (link) `figure.caption.41' on input line 31.
Package hyperref Info: Reference (cite) `cite.KIESEL2022238' on input line 31.
Package hyperref Info: Reference (cite) `cite.KIESEL2022238' on input line 31.
Package hyperref Info: Reference (link) `figure.caption.42' on input line 32.
Package hyperref Info: Reference (link) `figure.caption.43' on input line 33.
Package hyperref Info: Reference (link) `figure.caption.44' on input line 34.
Package hyperref Info: Reference (link) `figure.caption.45' on input line 35.
)
\tf@lof=\write5
\openout5 = `tese.lof'.



Package hyperref Info: Anchor `page.xi' on input line 42.
[11
Package `hyperref' Info: End of reference (link) `figure.caption.30', line 23.
Package `hyperref' Info: End of reference (link) `figure.caption.33', line 24.
Package `hyperref' Info: End of reference (link) `figure.caption.34', line 25.
Package `hyperref' Info: End of reference (link) `figure.caption.35', line 26.
Package `hyperref' Info: End of reference (link) `figure.caption.37', line 27.
Package `hyperref' Info: End of reference (link) `figure.caption.38', line 29.
Package `hyperref' Info: End of reference (link) `figure.caption.40', line 30.
Package `hyperref' Info: End of reference (cite) `cite.KIESEL2022238', line 31.
Package `hyperref' Info: End of reference (cite) `cite.KIESEL2022238', line 31.
Package `hyperref' Info: End of reference (link) `figure.caption.41', line 31.
Package `hyperref' Info: End of reference (link) `figure.caption.42', line 32.
Package `hyperref' Info: End of reference (link) `figure.caption.43', line 33.
Package `hyperref' Info: End of reference (link) `figure.caption.44', line 34.
Package `hyperref' Info: End of reference (link) `figure.caption.45', line 35.
]
Package hyperref Info: Anchor `chapter*.5' on input line 42.
Package hyperref Info: Anchor `listatabelas.0' on input line 42.
 (tese.lot
Package hyperref Info: Reference (link) `table.caption.15' on input line 4.
Package hyperref Info: Reference (link) `table.caption.26' on input line 6.
Package hyperref Info: Reference (link) `table.caption.28' on input line 7.
Package hyperref Info: Reference (link) `table.caption.31' on input line 8.
Package hyperref Info: Reference (link) `table.caption.32' on input line 9.
Package hyperref Info: Reference (link) `table.caption.36' on input line 10.
Package hyperref Info: Reference (link) `table.caption.39' on input line 12.
)
\tf@lot=\write6
\openout6 = `tese.lot'.



Package hyperref Info: Anchor `page.xii' on input line 45.
[12

Package `hyperref' Info: End of reference (link) `table.caption.15', line 4.
Package `hyperref' Info: End of reference (link) `table.caption.26', line 6.
Package `hyperref' Info: End of reference (link) `table.caption.28', line 7.
Package `hyperref' Info: End of reference (link) `table.caption.31', line 8.
Package `hyperref' Info: End of reference (link) `table.caption.32', line 9.
Package `hyperref' Info: End of reference (link) `table.caption.36', line 10.
Package `hyperref' Info: End of reference (link) `table.caption.39', line 12.
]
Package hyperref Info: Anchor `chapter*.6' on input line 45.
Package hyperref Info: Anchor `listaabreviaturas.0' on input line 45.
 (tese.lof)
\tf@lof=\write7
\openout7 = `tese.lof'.

 (PreTextuais/listaabreviaturas.tex
Package hyperref Info: Anchor `table.0.1' on input line 35.
Package hyperref Info: Anchor `page.xiii' on input line 35.
 [13

])

Package hyperref Info: Anchor `page.xiv' on input line 49.
[14]
Package hyperref Info: Anchor `chapter*.7' on input line 49.
Package hyperref Info: Anchor `listasimbolos.0' on input line 49.
 (tese.los)
\tf@los=\write8
\openout8 = `tese.los'.

 (PreTextuais/listasimbolos.tex
Overfull \hbox (24.311pt too wide) in alignment at lines 1--91
 [] [] 
 []

Package hyperref Info: Anchor `table.0.2' on input line 91.
Package hyperref Info: Anchor `page.xv' on input line 91.
[15

]
Package hyperref Info: Anchor `page.xvi' on input line 91.
 [16])

Package hyperref Info: Anchor `page.xvii' on input line 53.
[17]
Package hyperref Info: Anchor `chapter*.8' on input line 53.
Package hyperref Info: Anchor `contents.0' on input line 53.
 (tese.toc
Underfull \hbox (badness 10000) in paragraph at lines 2--2
 []  
 []

Package hyperref Info: Reference (link) `chapter.1' on input line 2.
Package hyperref Info: Reference (link) `section.1.1' on input line 3.
Package hyperref Info: Reference (link) `section.1.2' on input line 4.
Package hyperref Info: Reference (link) `section.1.3' on input line 5.
Package hyperref Info: Reference (link) `section.1.4' on input line 6.
Package hyperref Info: Reference (link) `section.1.5' on input line 7.

Underfull \hbox (badness 10000) in paragraph at lines 8--8
 []  
 []

Package hyperref Info: Reference (link) `chapter.2' on input line 8.
Package hyperref Info: Reference (link) `section.2.1' on input line 9.
Package hyperref Info: Reference (link) `section.2.2' on input line 10.
Package hyperref Info: Reference (link) `section.2.3' on input line 11.
Package hyperref Info: Reference (link) `section.2.4' on input line 12.
Package hyperref Info: Reference (link) `subsection.2.4.1' on input line 13.
Package hyperref Info: Reference (link) `subsection.2.4.2' on input line 14.
Package hyperref Info: Reference (link) `section.2.5' on input line 15.
Package hyperref Info: Reference (link) `section.2.6' on input line 16.
Package hyperref Info: Reference (link) `section.2.7' on input line 17.
Package hyperref Info: Reference (link) `section.2.8' on input line 18.
Package hyperref Info: Reference (link) `subsection.2.8.1' on input line 19.
Package hyperref Info: Reference (link) `subsection.2.8.2' on input line 20.
Package hyperref Info: Reference (link) `section.2.9' on input line 21.
Package hyperref Info: Reference (link) `section.2.10' on input line 22.
Package hyperref Info: Reference (link) `section.2.11' on input line 23.
Package hyperref Info: Reference (link) `subsection.2.11.1' on input line 24.


Package hyperref Info: Anchor `page.xviii' on input line 25.
[18

Package `hyperref' Info: End of reference (link) `chapter.1', line 2.
Package `hyperref' Info: End of reference (link) `section.1.1', line 3.
Package `hyperref' Info: End of reference (link) `section.1.2', line 4.
Package `hyperref' Info: End of reference (link) `section.1.3', line 5.
Package `hyperref' Info: End of reference (link) `section.1.4', line 6.
Package `hyperref' Info: End of reference (link) `section.1.5', line 7.
Package `hyperref' Info: End of reference (link) `chapter.2', line 8.
Package `hyperref' Info: End of reference (link) `section.2.1', line 9.
Package `hyperref' Info: End of reference (link) `section.2.2', line 10.
Package `hyperref' Info: End of reference (link) `section.2.3', line 11.
Package `hyperref' Info: End of reference (link) `section.2.4', line 12.
Package `hyperref' Info: End of reference (link) `subsection.2.4.1', line 13.
Package `hyperref' Info: End of reference (link) `subsection.2.4.2', line 14.
Package `hyperref' Info: End of reference (link) `section.2.5', line 15.
Package `hyperref' Info: End of reference (link) `section.2.6', line 16.
Package `hyperref' Info: End of reference (link) `section.2.7', line 17.
Package `hyperref' Info: End of reference (link) `section.2.8', line 18.
Package `hyperref' Info: End of reference (link) `subsection.2.8.1', line 19.
Package `hyperref' Info: End of reference (link) `subsection.2.8.2', line 20.
Package `hyperref' Info: End of reference (link) `section.2.9', line 21.
Package `hyperref' Info: End of reference (link) `section.2.10', line 22.
Package `hyperref' Info: End of reference (link) `section.2.11', line 23.
]
Package hyperref Info: Reference (link) `subsection.2.11.2' on input line 25.
Package hyperref Info: Reference (link) `subsection.2.11.3' on input line 28.
Package hyperref Info: Reference (link) `subsection.2.11.4' on input line 29.

Underfull \hbox (badness 10000) in paragraph at lines 32--32
 []  
 []

Package hyperref Info: Reference (link) `chapter.3' on input line 32.
Package hyperref Info: Reference (link) `section.3.1' on input line 33.
Package hyperref Info: Reference (link) `section.3.2' on input line 34.
Package hyperref Info: Reference (link) `section.3.3' on input line 35.
Package hyperref Info: Reference (link) `section.3.4' on input line 36.
Package hyperref Info: Reference (link) `subsection.3.4.1' on input line 37.
Package hyperref Info: Reference (link) `section.3.5' on input line 38.
Package hyperref Info: Reference (link) `subsection.3.5.1' on input line 39.
Package hyperref Info: Reference (link) `subsection.3.5.2' on input line 40.
Package hyperref Info: Reference (link) `subsection.3.5.3' on input line 41.
Package hyperref Info: Reference (link) `subsection.3.5.4' on input line 42.

Underfull \hbox (badness 10000) in paragraph at lines 43--43
 []  
 []

Package hyperref Info: Reference (link) `chapter.4' on input line 43.
Package hyperref Info: Reference (link) `section.4.1' on input line 44.
Package hyperref Info: Reference (link) `subsection.4.1.1' on input line 45.
Package hyperref Info: Reference (link) `subsection.4.1.2' on input line 46.
Package hyperref Info: Reference (link) `section.4.2' on input line 47.
Package hyperref Info: Reference (link) `subsection.4.2.1' on input line 48.
Package hyperref Info: Reference (link) `subsection.4.2.2' on input line 49.

Underfull \hbox (badness 10000) in paragraph at lines 50--50
 []  
 []

Package hyperref Info: Reference (link) `chapter.5' on input line 50.
Package hyperref Info: Reference (link) `section.5.1' on input line 51.
Package hyperref Info: Reference (link) `section.5.2' on input line 52.

Underfull \hbox (badness 10000) in paragraph at lines 53--53
 []  
 []

Package hyperref Info: Reference (link) `chapter.6' on input line 53.
)
\tf@toc=\write9
\openout9 = `tese.toc'.

)

Package hyperref Info: Anchor `page.xix' on input line 145.
[19
Package `hyperref' Info: End of reference (link) `subsection.2.11.1', line 24.
Package `hyperref' Info: End of reference (link) `subsection.2.11.2', line 25.
Package `hyperref' Info: End of reference (link) `subsection.2.11.3', line 28.
Package `hyperref' Info: End of reference (link) `subsection.2.11.4', line 29.
Package `hyperref' Info: End of reference (link) `chapter.3', line 32.
Package `hyperref' Info: End of reference (link) `section.3.1', line 33.
Package `hyperref' Info: End of reference (link) `section.3.2', line 34.
Package `hyperref' Info: End of reference (link) `section.3.3', line 35.
Package `hyperref' Info: End of reference (link) `section.3.4', line 36.
Package `hyperref' Info: End of reference (link) `subsection.3.4.1', line 37.
Package `hyperref' Info: End of reference (link) `section.3.5', line 38.
Package `hyperref' Info: End of reference (link) `subsection.3.5.1', line 39.
Package `hyperref' Info: End of reference (link) `subsection.3.5.2', line 40.
Package `hyperref' Info: End of reference (link) `subsection.3.5.3', line 41.
Package `hyperref' Info: End of reference (link) `subsection.3.5.4', line 42.
Package `hyperref' Info: End of reference (link) `chapter.4', line 43.
Package `hyperref' Info: End of reference (link) `section.4.1', line 44.
Package `hyperref' Info: End of reference (link) `subsection.4.1.1', line 45.
Package `hyperref' Info: End of reference (link) `subsection.4.1.2', line 46.
Package `hyperref' Info: End of reference (link) `section.4.2', line 47.
Package `hyperref' Info: End of reference (link) `subsection.4.2.1', line 48.
Package `hyperref' Info: End of reference (link) `subsection.4.2.2', line 49.
Package `hyperref' Info: End of reference (link) `chapter.5', line 50.
Package `hyperref' Info: End of reference (link) `section.5.1', line 51.
Package `hyperref' Info: End of reference (link) `section.5.2', line 52.
Package `hyperref' Info: End of reference (link) `chapter.6', line 53.
]
Package hyperref Info: Anchor `chapter.1' on input line 148.

Chapter 1.
pdftex: bookmark at 148: {1} {\numberline{1}Introduction} {chapter.1}{0}{toc}
(Cap1/cap1.tex
Package hyperref Info: Anchor `section.1.1' on input line 3.

pdftex: bookmark at 3: {1.1} {\numberline{1.1}Objective} {section.1.1}{1}{toc}
Package hyperref Info: Anchor `section.1.2' on input line 6.
pdftex: bookmark at 6: {1.2} {\numberline{1.2}Motivation} {section.1.2}{1}{toc}


Package hyperref Info: Anchor `page.20' on input line 8.
[20


]

Package hyperref Info: Anchor `page.21' on input line 17.
[21]
Package hyperref Info: Anchor `section.1.3' on input line 17.

pdftex: bookmark at 17: {1.3} {\numberline{1.3}Contribution of the Work} {section.1.3}{1}{toc}
Package hyperref Info: Anchor `section.1.4' on input line 23.
pdftex: bookmark at 23: {1.4} {\numberline{1.4}Literature Review} {section.1.4}{1}{toc}
Package hyperref Info: Reference (cite) `cite.Mane' on input line 24.
Package hyperref Info: Reference (cite) `cite.Mane' on input line 24.
Package hyperref Info: Reference (cite) `cite.6909475' on input line 26.
Package hyperref Info: Reference (cite) `cite.6909475' on input line 26.
Package hyperref Info: Reference (cite) `cite.7410526' on input line 28.
Package hyperref Info: Reference (cite) `cite.7410526' on input line 28.
Package hyperref Info: Reference (cite) `cite.7410526' on input line 28.
Package hyperref Info: Reference (cite) `cite.7410526' on input line 28.


Package hyperref Info: Anchor `page.22' on input line 29.
[22
Package `hyperref' Info: End of reference (cite) `cite.Mane', line 24.
Package `hyperref' Info: End of reference (cite) `cite.Mane', line 24.
Package `hyperref' Info: End of reference (cite) `cite.6909475', line 26.
Package `hyperref' Info: End of reference (cite) `cite.6909475', line 26.
Package `hyperref' Info: End of reference (cite) `cite.7410526', line 28.
Package `hyperref' Info: End of reference (cite) `cite.7410526', line 28.
]
Package hyperref Info: Reference (cite) `cite.7485869' on input line 30.
Package hyperref Info: Reference (cite) `cite.7485869' on input line 30.
Package hyperref Info: Reference (cite) `cite.YOLO' on input line 32.
Package hyperref Info: Reference (cite) `cite.YOLO' on input line 32.
Package hyperref Info: Reference (cite) `cite.YOLOsurveillance' on input line 34.
Package hyperref Info: Reference (cite) `cite.YOLOsurveillance' on input line 34.
Package hyperref Info: Reference (cite) `cite.Liu_2016' on input line 36.
Package hyperref Info: Reference (cite) `cite.Liu_2016' on input line 36.
Package hyperref Info: Reference (cite) `cite.Liu_2016' on input line 36.
Package hyperref Info: Reference (cite) `cite.Liu_2016' on input line 36.
Package hyperref Info: Reference (cite) `cite.Kalmanxalpha' on input line 38.
Package hyperref Info: Reference (cite) `cite.Kalmanxalpha' on input line 38.
Package hyperref Info: Reference (cite) `cite.GimbalYOLO' on input line 40.
Package hyperref Info: Reference (cite) `cite.GimbalYOLO' on input line 40.
Package hyperref Info: Reference (cite) `cite.Rahmat2016Sliding' on input line 42.
Package hyperref Info: Reference (cite) `cite.Rahmat2016Sliding' on input line 42.


Package hyperref Info: Anchor `page.23' on input line 43.
[23
Package `hyperref' Info: End of reference (cite) `cite.7410526', line 28.
Package `hyperref' Info: End of reference (cite) `cite.7410526', line 28.
Package `hyperref' Info: End of reference (cite) `cite.7485869', line 30.
Package `hyperref' Info: End of reference (cite) `cite.7485869', line 30.
Package `hyperref' Info: End of reference (cite) `cite.YOLO', line 32.
Package `hyperref' Info: End of reference (cite) `cite.YOLO', line 32.
Package `hyperref' Info: End of reference (cite) `cite.YOLOsurveillance', line 34.
Package `hyperref' Info: End of reference (cite) `cite.YOLOsurveillance', line 34.
Package `hyperref' Info: End of reference (cite) `cite.Liu_2016', line 36.
Package `hyperref' Info: End of reference (cite) `cite.Liu_2016', line 36.
Package `hyperref' Info: End of reference (cite) `cite.Liu_2016', line 36.
Package `hyperref' Info: End of reference (cite) `cite.Liu_2016', line 36.
Package `hyperref' Info: End of reference (cite) `cite.Kalmanxalpha', line 38.
Package `hyperref' Info: End of reference (cite) `cite.Kalmanxalpha', line 38.
Package `hyperref' Info: End of reference (cite) `cite.GimbalYOLO', line 40.
Package `hyperref' Info: End of reference (cite) `cite.GimbalYOLO', line 40.
Package `hyperref' Info: End of reference (cite) `cite.Rahmat2016Sliding', line 42.
Package `hyperref' Info: End of reference (cite) `cite.Rahmat2016Sliding', line 42.
]
Package hyperref Info: Reference (cite) `cite.Galal2009Fuzzy' on input line 44.
Package hyperref Info: Reference (cite) `cite.Galal2009Fuzzy' on input line 44.
Package hyperref Info: Reference (cite) `cite.TONG2020105312' on input line 46.
Package hyperref Info: Reference (cite) `cite.TONG2020105312' on input line 46.
Package hyperref Info: Reference (cite) `cite.poyrazoglu_2017' on input line 48.
Package hyperref Info: Reference (cite) `cite.poyrazoglu_2017' on input line 48.
Package hyperref Info: Reference (cite) `cite.espinosa2016diseno' on input line 50.
Package hyperref Info: Reference (cite) `cite.espinosa2016diseno' on input line 50.
Package hyperref Info: Anchor `section.1.5' on input line 52.

pdftex: bookmark at 52: {1.5} {\numberline{1.5}Organization} {section.1.5}{1}{toc}


Package hyperref Info: Anchor `page.24' on input line 54.
[24
Package `hyperref' Info: End of reference (cite) `cite.Galal2009Fuzzy', line 44.
Package `hyperref' Info: End of reference (cite) `cite.Galal2009Fuzzy', line 44.
Package `hyperref' Info: End of reference (cite) `cite.TONG2020105312', line 46.
Package `hyperref' Info: End of reference (cite) `cite.TONG2020105312', line 46.
Package `hyperref' Info: End of reference (cite) `cite.poyrazoglu_2017', line 48.
Package `hyperref' Info: End of reference (cite) `cite.poyrazoglu_2017', line 48.
Package `hyperref' Info: End of reference (cite) `cite.espinosa2016diseno', line 50.
Package `hyperref' Info: End of reference (cite) `cite.espinosa2016diseno', line 50.
])

Package hyperref Info: Anchor `page.25' on input line 151.
[25]
Package hyperref Info: Anchor `chapter.2' on input line 151.

Chapter 2.
pdftex: bookmark at 151: {2} {\numberline{2}Theoretical Background} {chapter.2}{0}{toc}
(Cap2/cap2.tex
Package hyperref Info: Anchor `section.2.1' on input line 3.

pdftex: bookmark at 3: {2.1} {\numberline{2.1}Digital Images} {section.2.1}{1}{toc}
Package hyperref Info: Reference (cite) `cite.Gonzalez3' on input line 4.
Package hyperref Info: Reference (cite) `cite.Gonzalez3' on input line 4.
Package hyperref Info: Reference (cite) `cite.Tensor' on input line 4.
Package hyperref Info: Reference (cite) `cite.Tensor' on input line 4.
Package hyperref Info: Reference (link) `figure.caption.9' on input line 4.
Package hyperref Info: Anchor `figure.caption.9' on input line 6.
Package epstopdf Info: Source file: <Cap2/ImagemCor.eps>
(epstopdf)                    date: 2025-08-24 20:49:08
(epstopdf)                    size: 44795 bytes
(epstopdf)             Output file: <Cap2/ImagemCor-eps-converted-to.pdf>
(epstopdf)                    date: 2025-08-25 09:12:50
(epstopdf)                    size: 35386 bytes
(epstopdf)             Command: <miktex-epstopdf --outfile=Cap2/ImagemCor-eps-converted-to.pdf Cap2/ImagemCor.eps>
(epstopdf)             \includegraphics on input line 8.
Package epstopdf Info: Output file is already uptodate.
<Cap2/ImagemCor-eps-converted-to.pdf, id=604, 285.065pt x 76.285pt>
File: Cap2/ImagemCor-eps-converted-to.pdf Graphic file (type pdf)
<use Cap2/ImagemCor-eps-converted-to.pdf>
Package pdftex.def Info: Cap2/ImagemCor-eps-converted-to.pdf  used on input line 8.
(pdftex.def)             Requested size: 285.0643pt x 76.2848pt.
pdftex: bookmark at 9: {2.1} {\numberline{2.1}{\ignorespaces Color Image represented as a tensor. Source: \citeonline {ColorImage}.}} {figure.caption.9}{0}{lof}
Package hyperref Info: Reference (cite) `cite.ColorImage' on input line 9.
Package hyperref Info: Reference (cite) `cite.ColorImage' on input line 9.
Package hyperref Info: Reference (cite) `cite.ColorImage' on input line 9.
Package hyperref Info: Reference (cite) `cite.ColorImage' on input line 9.
Package hyperref Info: Anchor `section.2.2' on input line 14.
pdftex: bookmark at 14: {2.2} {\numberline{2.2}Machine Learning} {section.2.2}{1}{toc}
Package hyperref Info: Reference (cite) `cite.Murphy-2012' on input line 15.
Package hyperref Info: Reference (cite) `cite.Murphy-2012' on input line 15.
Package hyperref Info: Reference (cite) `cite.Mitchell' on input line 15.
Package hyperref Info: Reference (cite) `cite.Mitchell' on input line 15.
Package hyperref Info: Reference (cite) `cite.Brunton_Kutz_2022' on input line 15.
Package hyperref Info: Reference (cite) `cite.Brunton_Kutz_2022' on input line 15.


Package hyperref Info: Anchor `page.26' on input line 16.
[26

Package `hyperref' Info: End of reference (cite) `cite.Gonzalez3', line 4.
Package `hyperref' Info: End of reference (cite) `cite.Gonzalez3', line 4.
Package `hyperref' Info: End of reference (cite) `cite.Tensor', line 4.
Package `hyperref' Info: End of reference (cite) `cite.Tensor', line 4.
Package `hyperref' Info: End of reference (link) `figure.caption.9', line 4.
Package `hyperref' Info: End of reference (cite) `cite.ColorImage', line 9.
Package `hyperref' Info: End of reference (cite) `cite.ColorImage', line 9.
 <./Cap2/ImagemCor-eps-converted-to.pdf>]
Package hyperref Info: Anchor `section.2.3' on input line 17.

pdftex: bookmark at 17: {2.3} {\numberline{2.3}Neural Networks} {section.2.3}{1}{toc}
Package hyperref Info: Reference (cite) `cite.Brunton_Kutz_2022' on input line 19.
Package hyperref Info: Reference (cite) `cite.Brunton_Kutz_2022' on input line 19.
Package hyperref Info: Reference (cite) `cite.hubel1962receptive' on input line 19.
Package hyperref Info: Reference (cite) `cite.hubel1962receptive' on input line 19.
Package hyperref Info: Anchor `equation.2.1' on input line 20.
Package hyperref Info: Anchor `equation.2.1' on input line 20.
Package hyperref Info: Anchor `equation.2.1' on input line 20.
Package hyperref Info: Anchor `equation.2.1' on input line 20.
Package hyperref Info: Reference (link) `section.2.6' on input line 23.
Package hyperref Info: Reference (link) `section.2.7' on input line 23.
Package hyperref Info: Reference (link) `figure.caption.10' on input line 23.
Package hyperref Info: Anchor `figure.caption.10' on input line 25.
Package epstopdf Info: Source file: <Cap2/NN.eps>
(epstopdf)                    date: 2025-08-24 21:38:18
(epstopdf)                    size: 39235 bytes
(epstopdf)             Output file: <Cap2/NN-eps-converted-to.pdf>
(epstopdf)                    date: 2025-08-25 09:12:51
(epstopdf)                    size: 12630 bytes
(epstopdf)             Command: <miktex-epstopdf --outfile=Cap2/NN-eps-converted-to.pdf Cap2/NN.eps>
(epstopdf)             \includegraphics on input line 27.
Package epstopdf Info: Output file is already uptodate.
<Cap2/NN-eps-converted-to.pdf, id=632, 347.2975pt x 257.96375pt>
File: Cap2/NN-eps-converted-to.pdf Graphic file (type pdf)
<use Cap2/NN-eps-converted-to.pdf>
Package pdftex.def Info: Cap2/NN-eps-converted-to.pdf  used on input line 27.
(pdftex.def)             Requested size: 208.3801pt x 154.77943pt.
pdftex: bookmark at 28: {2.2} {\numberline{2.2}{\ignorespaces An example of NN architecture. Source: \citeonline {Brunton_Kutz_2022}.}} {figure.caption.10}{0}{lof}
Package hyperref Info: Reference (cite) `cite.Brunton_Kutz_2022' on input line 28.
Package hyperref Info: Reference (cite) `cite.Brunton_Kutz_2022' on input line 28.
Package hyperref Info: Reference (cite) `cite.Brunton_Kutz_2022' on input line 28.
Package hyperref Info: Reference (cite) `cite.Brunton_Kutz_2022' on input line 28.

LaTeX Warning: `h' float specifier changed to `ht'.

Package hyperref Info: Anchor `equation.2.2' on input line 32.
Package hyperref Info: Anchor `equation.2.2' on input line 32.
Package hyperref Info: Anchor `equation.2.2' on input line 32.
Package hyperref Info: Anchor `equation.2.2' on input line 32.


Package hyperref Info: Anchor `page.27' on input line 36.
[27
Package `hyperref' Info: End of reference (cite) `cite.Murphy-2012', line 15.
Package `hyperref' Info: End of reference (cite) `cite.Murphy-2012', line 15.
Package `hyperref' Info: End of reference (cite) `cite.Mitchell', line 15.
Package `hyperref' Info: End of reference (cite) `cite.Mitchell', line 15.
Package `hyperref' Info: End of reference (cite) `cite.Brunton_Kutz_2022', line 15.
Package `hyperref' Info: End of reference (cite) `cite.Brunton_Kutz_2022', line 15.
Package `hyperref' Info: End of reference (cite) `cite.Brunton_Kutz_2022', line 19.
Package `hyperref' Info: End of reference (cite) `cite.Brunton_Kutz_2022', line 19.
Package `hyperref' Info: End of reference (cite) `cite.hubel1962receptive', line 19.
Package `hyperref' Info: End of reference (cite) `cite.hubel1962receptive', line 19.
Package `hyperref' Info: End of reference (link) `section.2.6', line 23.
Package `hyperref' Info: End of reference (link) `section.2.7', line 23.
Package `hyperref' Info: End of reference (link) `figure.caption.10', line 23.
]
Package hyperref Info: Anchor `equation.2.3' on input line 36.
Package hyperref Info: Anchor `equation.2.3' on input line 36.
Package hyperref Info: Anchor `equation.2.3' on input line 36.
Package hyperref Info: Anchor `equation.2.3' on input line 36.
Package hyperref Info: Anchor `equation.2.4' on input line 40.
Package hyperref Info: Anchor `equation.2.4' on input line 40.
Package hyperref Info: Anchor `equation.2.4' on input line 40.
Package hyperref Info: Anchor `equation.2.4' on input line 40.
Package hyperref Info: Anchor `equation.2.5' on input line 44.
Package hyperref Info: Anchor `equation.2.5' on input line 44.
Package hyperref Info: Anchor `equation.2.5' on input line 44.
Package hyperref Info: Anchor `equation.2.5' on input line 44.
Package hyperref Info: Anchor `equation.2.6' on input line 48.
Package hyperref Info: Anchor `equation.2.6' on input line 48.
Package hyperref Info: Anchor `equation.2.6' on input line 48.
Package hyperref Info: Anchor `equation.2.6' on input line 48.
Package hyperref Info: Anchor `section.2.4' on input line 57.

pdftex: bookmark at 57: {2.4} {\numberline{2.4}Convolutional Neural Networks} {section.2.4}{1}{toc}
Package hyperref Info: Reference (cite) `cite.Goodfellow-et-al-2016' on input line 58.
Package hyperref Info: Reference (cite) `cite.Goodfellow-et-al-2016' on input line 58.
Package hyperref Info: Anchor `subsection.2.4.1' on input line 60.
pdftex: bookmark at 60: {2.4.1} {\numberline{2.4.1}Convolution} {subsection.2.4.1}{2}{toc}
Package hyperref Info: Anchor `equation.2.7' on input line 62.
Package hyperref Info: Anchor `equation.2.7' on input line 62.
Package hyperref Info: Anchor `equation.2.7' on input line 62.
Package hyperref Info: Anchor `equation.2.7' on input line 62.


Package hyperref Info: Anchor `page.28' on input line 67.
[28
Package `hyperref' Info: End of reference (cite) `cite.Brunton_Kutz_2022', line 28.
Package `hyperref' Info: End of reference (cite) `cite.Brunton_Kutz_2022', line 28.
Package `hyperref' Info: End of reference (cite) `cite.Goodfellow-et-al-2016', line 58.
Package `hyperref' Info: End of reference (cite) `cite.Goodfellow-et-al-2016', line 58.
 <./Cap2/NN-eps-converted-to.pdf>]
Package hyperref Info: Anchor `equation.2.8' on input line 67.
Package hyperref Info: Anchor `equation.2.8' on input line 67.
Package hyperref Info: Anchor `equation.2.8' on input line 67.
Package hyperref Info: Anchor `equation.2.8' on input line 67.
Package hyperref Info: Anchor `equation.2.9' on input line 72.
Package hyperref Info: Anchor `equation.2.9' on input line 72.
Package hyperref Info: Anchor `equation.2.9' on input line 72.
Package hyperref Info: Anchor `equation.2.9' on input line 72.
Package hyperref Info: Anchor `subsection.2.4.2' on input line 79.

pdftex: bookmark at 79: {2.4.2} {\numberline{2.4.2}Pooling} {subsection.2.4.2}{2}{toc}
Package hyperref Info: Reference (cite) `cite.Goodfellow-et-al-2016' on input line 80.
Package hyperref Info: Reference (cite) `cite.Goodfellow-et-al-2016' on input line 80.
Package hyperref Info: Reference (link) `figure.caption.11' on input line 80.
Package hyperref Info: Anchor `figure.caption.11' on input line 82.
Package epstopdf Info: Source file: <Cap2/poolinglayer.eps>
(epstopdf)                    date: 2025-08-24 21:04:38
(epstopdf)                    size: 23686 bytes
(epstopdf)             Output file: <Cap2/poolinglayer-eps-converted-to.pdf>
(epstopdf)                    date: 2025-08-25 09:12:51
(epstopdf)                    size: 24379 bytes
(epstopdf)             Command: <miktex-epstopdf --outfile=Cap2/poolinglayer-eps-converted-to.pdf Cap2/poolinglayer.eps>
(epstopdf)             \includegraphics on input line 84.
Package epstopdf Info: Output file is already uptodate.
<Cap2/poolinglayer-eps-converted-to.pdf, id=669, 424.58624pt x 301.125pt>
File: Cap2/poolinglayer-eps-converted-to.pdf Graphic file (type pdf)
<use Cap2/poolinglayer-eps-converted-to.pdf>
Package pdftex.def Info: Cap2/poolinglayer-eps-converted-to.pdf  used on input line 84.
(pdftex.def)             Requested size: 169.83148pt x 120.44786pt.
pdftex: bookmark at 85: {2.3} {\numberline{2.3}{\ignorespaces Example of max and average pooling. Source: \citeonline {poolinglayer}.}} {figure.caption.11}{0}{lof}
Package hyperref Info: Reference (cite) `cite.poolinglayer' on input line 85.
Package hyperref Info: Reference (cite) `cite.poolinglayer' on input line 85.
Package hyperref Info: Reference (cite) `cite.poolinglayer' on input line 85.
Package hyperref Info: Reference (cite) `cite.poolinglayer' on input line 85.
Package hyperref Info: Anchor `section.2.5' on input line 88.
pdftex: bookmark at 88: {2.5} {\numberline{2.5}Gradient Descent} {section.2.5}{1}{toc}
Package hyperref Info: Anchor `equation.2.10' on input line 90.
Package hyperref Info: Anchor `equation.2.10' on input line 90.
Package hyperref Info: Anchor `equation.2.10' on input line 90.
Package hyperref Info: Anchor `equation.2.10' on input line 90.


Package hyperref Info: Anchor `page.29' on input line 92.
[29
Package `hyperref' Info: End of reference (cite) `cite.Goodfellow-et-al-2016', line 80.
Package `hyperref' Info: End of reference (cite) `cite.Goodfellow-et-al-2016', line 80.
Package `hyperref' Info: End of reference (link) `figure.caption.11', line 80.
Package `hyperref' Info: End of reference (cite) `cite.poolinglayer', line 85.
Package `hyperref' Info: End of reference (cite) `cite.poolinglayer', line 85.
 <./Cap2/poolinglayer-eps-converted-to.pdf>]
Package hyperref Info: Anchor `equation.2.11' on input line 95.
Package hyperref Info: Anchor `equation.2.11' on input line 95.
Package hyperref Info: Anchor `equation.2.11' on input line 95.
Package hyperref Info: Anchor `equation.2.11' on input line 95.
Package hyperref Info: Anchor `equation.2.12' on input line 99.
Package hyperref Info: Anchor `equation.2.12' on input line 99.
Package hyperref Info: Anchor `equation.2.12' on input line 99.
Package hyperref Info: Anchor `equation.2.12' on input line 99.
Package hyperref Info: Anchor `equation.2.13' on input line 103.
Package hyperref Info: Anchor `equation.2.13' on input line 103.
Package hyperref Info: Anchor `equation.2.13' on input line 103.
Package hyperref Info: Anchor `equation.2.13' on input line 103.
Package hyperref Info: Reference (link) `figure.caption.12' on input line 106.
Package hyperref Info: Anchor `figure.caption.12' on input line 107.
Package epstopdf Info: Source file: <Cap2/GD.eps>
(epstopdf)                    date: 2025-08-24 21:14:45
(epstopdf)                    size: 146233 bytes
(epstopdf)             Output file: <Cap2/GD-eps-converted-to.pdf>
(epstopdf)                    date: 2025-08-25 09:12:52
(epstopdf)                    size: 93807 bytes
(epstopdf)             Command: <miktex-epstopdf --outfile=Cap2/GD-eps-converted-to.pdf Cap2/GD.eps>
(epstopdf)             \includegraphics on input line 109.
Package epstopdf Info: Output file is already uptodate.
<Cap2/GD-eps-converted-to.pdf, id=684, 587.19376pt x 237.88875pt>
File: Cap2/GD-eps-converted-to.pdf Graphic file (type pdf)
<use Cap2/GD-eps-converted-to.pdf>
Package pdftex.def Info: Cap2/GD-eps-converted-to.pdf  used on input line 109.
(pdftex.def)             Requested size: 352.31897pt x 142.73433pt.

pdftex: bookmark at 110: {2.4} {\numberline{2.4}{\ignorespaces Gradient descent on a simple function for different $\delta $. Source: \citeonline {Murphy-2012}.}} {figure.caption.12}{0}{lof}
Package hyperref Info: Reference (cite) `cite.Murphy-2012' on input line 110.
Package hyperref Info: Reference (cite) `cite.Murphy-2012' on input line 110.
Package hyperref Info: Reference (cite) `cite.Murphy-2012' on input line 110.
Package hyperref Info: Reference (cite) `cite.Murphy-2012' on input line 110.
Package hyperref Info: Anchor `section.2.6' on input line 113.
pdftex: bookmark at 113: {2.6} {\numberline{2.6}Backpropagation Algorithm} {section.2.6}{1}{toc}
Package hyperref Info: Reference (cite) `cite.Brunton_Kutz_2022' on input line 115.
Package hyperref Info: Reference (cite) `cite.Brunton_Kutz_2022' on input line 115.
Package hyperref Info: Reference (link) `figure.caption.13' on input line 115.


Package hyperref Info: Anchor `page.30' on input line 116.
[30
Package `hyperref' Info: End of reference (link) `figure.caption.12', line 106.
Package `hyperref' Info: End of reference (cite) `cite.Murphy-2012', line 110.
Package `hyperref' Info: End of reference (cite) `cite.Murphy-2012', line 110.
 <./Cap2/GD-eps-converted-to.pdf>]
Package hyperref Info: Anchor `figure.caption.13' on input line 117.
Package epstopdf Info: Source file: <Cap2/onelayerNN.eps>
(epstopdf)                    date: 2025-08-24 21:29:45
(epstopdf)                    size: 60705 bytes
(epstopdf)             Output file: <Cap2/onelayerNN-eps-converted-to.pdf>
(epstopdf)                    date: 2025-08-25 09:12:53
(epstopdf)                    size: 20544 bytes
(epstopdf)             Command: <miktex-epstopdf --outfile=Cap2/onelayerNN-eps-converted-to.pdf Cap2/onelayerNN.eps>
(epstopdf)             \includegraphics on input line 119.
Package epstopdf Info: Output file is already uptodate.
<Cap2/onelayerNN-eps-converted-to.pdf, id=708, 560.0925pt x 93.34875pt>
File: Cap2/onelayerNN-eps-converted-to.pdf Graphic file (type pdf)
<use Cap2/onelayerNN-eps-converted-to.pdf>
Package pdftex.def Info: Cap2/onelayerNN-eps-converted-to.pdf  used on input line 119.
(pdftex.def)             Requested size: 336.05809pt x 56.00967pt.

pdftex: bookmark at 120: {2.5} {\numberline{2.5}{\ignorespaces One node per layer, one hidden layer NN. Source: \citeonline {Brunton_Kutz_2022}}} {figure.caption.13}{0}{lof}
Package hyperref Info: Reference (cite) `cite.Brunton_Kutz_2022' on input line 120.
Package hyperref Info: Reference (cite) `cite.Brunton_Kutz_2022' on input line 120.
Package hyperref Info: Reference (cite) `cite.Brunton_Kutz_2022' on input line 120.
Package hyperref Info: Reference (cite) `cite.Brunton_Kutz_2022' on input line 120.
Package hyperref Info: Anchor `equation.2.14' on input line 124.
Package hyperref Info: Anchor `equation.2.14' on input line 124.
Package hyperref Info: Anchor `equation.2.14' on input line 124.
Package hyperref Info: Anchor `equation.2.14' on input line 124.
Package hyperref Info: Anchor `equation.2.15' on input line 128.
Package hyperref Info: Anchor `equation.2.15' on input line 128.
Package hyperref Info: Anchor `equation.2.15' on input line 128.
Package hyperref Info: Anchor `equation.2.15' on input line 128.
Package hyperref Info: Anchor `equation.2.16' on input line 132.
Package hyperref Info: Anchor `equation.2.16' on input line 132.
Package hyperref Info: Anchor `equation.2.16' on input line 132.
Package hyperref Info: Anchor `equation.2.16' on input line 132.
Package hyperref Info: Anchor `equation.2.17' on input line 136.
Package hyperref Info: Anchor `equation.2.17' on input line 136.
Package hyperref Info: Anchor `equation.2.17' on input line 136.
Package hyperref Info: Anchor `equation.2.17' on input line 136.
Package hyperref Info: Anchor `equation.2.18' on input line 141.
Package hyperref Info: Anchor `equation.2.18' on input line 141.
Package hyperref Info: Anchor `equation.2.18' on input line 141.
Package hyperref Info: Anchor `equation.2.18' on input line 141.
Package hyperref Info: Reference (link) `section.2.3' on input line 144.
Package hyperref Info: Anchor `section.2.7' on input line 146.
pdftex: bookmark at 146: {2.7} {\numberline{2.7}Stochastic Gradient Descent Algorithm} {section.2.7}{1}{toc}
Package hyperref Info: Reference (cite) `cite.Brunton_Kutz_2022' on input line 148.
Package hyperref Info: Reference (cite) `cite.Brunton_Kutz_2022' on input line 148.
Package hyperref Info: Anchor `equation.2.19' on input line 149.
Package hyperref Info: Anchor `equation.2.19' on input line 149.
Package hyperref Info: Anchor `equation.2.19' on input line 149.
Package hyperref Info: Anchor `equation.2.19' on input line 149.


Package hyperref Info: Anchor `page.31' on input line 151.
[31
Package `hyperref' Info: End of reference (cite) `cite.Brunton_Kutz_2022', line 115.
Package `hyperref' Info: End of reference (cite) `cite.Brunton_Kutz_2022', line 115.
Package `hyperref' Info: End of reference (link) `figure.caption.13', line 115.
Package `hyperref' Info: End of reference (cite) `cite.Brunton_Kutz_2022', line 120.
Package `hyperref' Info: End of reference (cite) `cite.Brunton_Kutz_2022', line 120.
Package `hyperref' Info: End of reference (link) `section.2.3', line 144.
Package `hyperref' Info: End of reference (cite) `cite.Brunton_Kutz_2022', line 148.
Package `hyperref' Info: End of reference (cite) `cite.Brunton_Kutz_2022', line 148.
 <./Cap2/onelayerNN-eps-converted-to.pdf>]
Package hyperref Info: Anchor `section.2.8' on input line 154.

pdftex: bookmark at 154: {2.8} {\numberline{2.8}Object Detection} {section.2.8}{1}{toc}
Package hyperref Info: Reference (cite) `cite.lin2015microsoftcococommonobjects' on input line 155.
Package hyperref Info: Reference (cite) `cite.lin2015microsoftcococommonobjects' on input line 155.
Package hyperref Info: Reference (link) `figure.caption.14' on input line 155.
Package hyperref Info: Anchor `figure.caption.14' on input line 157.
Package epstopdf Info: Source file: <Cap2/Obj_Detec.eps>
(epstopdf)                    date: 2025-08-24 22:10:41
(epstopdf)                    size: 132596 bytes
(epstopdf)             Output file: <Cap2/Obj_Detec-eps-converted-to.pdf>
(epstopdf)                    date: 2025-08-25 09:12:53
(epstopdf)                    size: 103712 bytes
(epstopdf)             Command: <miktex-epstopdf --outfile=Cap2/Obj_Detec-eps-converted-to.pdf Cap2/Obj_Detec.eps>
(epstopdf)             \includegraphics on input line 159.
Package epstopdf Info: Output file is already uptodate.
<Cap2/Obj_Detec-eps-converted-to.pdf, id=739, 544.0325pt x 292.09125pt>
File: Cap2/Obj_Detec-eps-converted-to.pdf Graphic file (type pdf)
<use Cap2/Obj_Detec-eps-converted-to.pdf>
Package pdftex.def Info: Cap2/Obj_Detec-eps-converted-to.pdf  used on input line 159.
(pdftex.def)             Requested size: 272.01558pt x 146.04526pt.
pdftex: bookmark at 160: {2.6} {\numberline{2.6}{\ignorespaces Object localization using bounding box. Extracted from \citeonline {lin2015microsoftcococommonobjects}.}} {figure.caption.14}{0}{lof}
Package hyperref Info: Reference (cite) `cite.lin2015microsoftcococommonobjects' on input line 160.
Package hyperref Info: Reference (cite) `cite.lin2015microsoftcococommonobjects' on input line 160.
Package hyperref Info: Reference (cite) `cite.lin2015microsoftcococommonobjects' on input line 160.
Package hyperref Info: Reference (cite) `cite.lin2015microsoftcococommonobjects' on input line 160.
Package hyperref Info: Anchor `subsection.2.8.1' on input line 163.
pdftex: bookmark at 163: {2.8.1} {\numberline{2.8.1}IoU} {subsection.2.8.1}{2}{toc}
Package hyperref Info: Anchor `equation.2.20' on input line 165.
Package hyperref Info: Anchor `equation.2.20' on input line 165.
Package hyperref Info: Anchor `equation.2.20' on input line 165.
Package hyperref Info: Anchor `equation.2.20' on input line 165.
Package hyperref Info: Reference (link) `table.caption.15' on input line 168.
Package hyperref Info: Anchor `table.caption.15' on input line 170.
pdftex: bookmark at 172: {2.1} {\numberline{2.1}{\ignorespaces Types of bounding box prediction.}} {table.caption.15}{0}{lot}

LaTeX Warning: `h' float specifier changed to `ht'.

Package hyperref Info: Anchor `subsection.2.8.2' on input line 190.
pdftex: bookmark at 190: {2.8.2} {\numberline{2.8.2}Mean Average Precision} {subsection.2.8.2}{2}{toc}
Package hyperref Info: Reference (cite) `cite.PascalVOC' on input line 191.
Package hyperref Info: Reference (cite) `cite.PascalVOC' on input line 191.


Package hyperref Info: Anchor `page.32' on input line 192.
[32
Package `hyperref' Info: End of reference (cite) `cite.lin2015microsoftcococommonobjects', line 155.
Package `hyperref' Info: End of reference (cite) `cite.lin2015microsoftcococommonobjects', line 155.
Package `hyperref' Info: End of reference (link) `figure.caption.14', line 155.
Package `hyperref' Info: End of reference (cite) `cite.lin2015microsoftcococommonobjects', line 160.
Package `hyperref' Info: End of reference (cite) `cite.lin2015microsoftcococommonobjects', line 160.
Package `hyperref' Info: End of reference (link) `table.caption.15', line 168.
 <./Cap2/Obj_Detec-eps-converted-to.pdf>]
Package hyperref Info: Anchor `equation.2.21' on input line 192.
Package hyperref Info: Anchor `equation.2.21' on input line 192.
Package hyperref Info: Anchor `equation.2.21' on input line 192.
Package hyperref Info: Anchor `equation.2.21' on input line 192.
Package hyperref Info: Anchor `equation.2.22' on input line 195.
Package hyperref Info: Anchor `equation.2.22' on input line 195.
Package hyperref Info: Anchor `equation.2.22' on input line 195.
Package hyperref Info: Anchor `equation.2.22' on input line 195.
Package hyperref Info: Reference (cite) `cite.grandini2020metricsmulticlassclassificationoverview' on input line 198.
Package hyperref Info: Reference (cite) `cite.grandini2020metricsmulticlassclassificationoverview' on input line 198.
Package hyperref Info: Reference (cite) `cite.PascalVOC' on input line 198.
Package hyperref Info: Reference (cite) `cite.PascalVOC' on input line 198.
Package hyperref Info: Anchor `equation.2.23' on input line 199.
Package hyperref Info: Anchor `equation.2.23' on input line 199.
Package hyperref Info: Anchor `equation.2.23' on input line 199.
Package hyperref Info: Anchor `equation.2.23' on input line 199.
Package hyperref Info: Reference (link) `figure.caption.16' on input line 202.
Package hyperref Info: Anchor `figure.caption.16' on input line 204.
Package epstopdf Info: Source file: <Cap2/PrecisionxRecallCurve.eps>
(epstopdf)                    date: 2025-08-24 22:32:06
(epstopdf)                    size: 59924 bytes
(epstopdf)             Output file: <Cap2/PrecisionxRecallCurve-eps-converted-to.pdf>
(epstopdf)                    date: 2025-08-25 09:12:54
(epstopdf)                    size: 47178 bytes
(epstopdf)             Command: <miktex-epstopdf --outfile=Cap2/PrecisionxRecallCurve-eps-converted-to.pdf Cap2/PrecisionxRecallCurve.eps>
(epstopdf)             \includegraphics on input line 206.
Package epstopdf Info: Output file is already uptodate.
<Cap2/PrecisionxRecallCurve-eps-converted-to.pdf, id=761, 442.65375pt x 314.17375pt>
File: Cap2/PrecisionxRecallCurve-eps-converted-to.pdf Graphic file (type pdf)
<use Cap2/PrecisionxRecallCurve-eps-converted-to.pdf>
Package pdftex.def Info: Cap2/PrecisionxRecallCurve-eps-converted-to.pdf  used on input line 206.
(pdftex.def)             Requested size: 265.59428pt x 188.50569pt.

pdftex: bookmark at 207: {2.7} {\numberline{2.7}{\ignorespaces Precision-Recall curve interpolation. Extracted from \citeonline {9145130}.}} {figure.caption.16}{0}{lof}
Package hyperref Info: Reference (cite) `cite.9145130' on input line 207.
Package hyperref Info: Reference (cite) `cite.9145130' on input line 207.
Package hyperref Info: Reference (cite) `cite.9145130' on input line 207.
Package hyperref Info: Reference (cite) `cite.9145130' on input line 207.

LaTeX Warning: `h' float specifier changed to `ht'.

Package hyperref Info: Anchor `equation.2.24' on input line 211.
Package hyperref Info: Anchor `equation.2.24' on input line 211.
Package hyperref Info: Anchor `equation.2.24' on input line 211.
Package hyperref Info: Anchor `equation.2.24' on input line 211.


Package hyperref Info: Anchor `page.33' on input line 213.
[33
Package `hyperref' Info: End of reference (cite) `cite.PascalVOC', line 191.
Package `hyperref' Info: End of reference (cite) `cite.PascalVOC', line 191.
Package `hyperref' Info: End of reference (cite) `cite.grandini2020metricsmulticlassclassificationoverview', line 198.
Package `hyperref' Info: End of reference (cite) `cite.grandini2020metricsmulticlassclassificationoverview', line 198.
Package `hyperref' Info: End of reference (cite) `cite.PascalVOC', line 198.
Package `hyperref' Info: End of reference (cite) `cite.PascalVOC', line 198.
Package `hyperref' Info: End of reference (link) `figure.caption.16', line 202.
]
Package hyperref Info: Anchor `equation.2.25' on input line 216.
Package hyperref Info: Anchor `equation.2.25' on input line 216.
Package hyperref Info: Anchor `equation.2.25' on input line 216.
Package hyperref Info: Anchor `equation.2.25' on input line 216.
Package hyperref Info: Anchor `section.2.9' on input line 221.

pdftex: bookmark at 221: {2.9} {\numberline{2.9}YOLO - You Only Look Once} {section.2.9}{1}{toc}
Package hyperref Info: Reference (cite) `cite.YOLO' on input line 222.
Package hyperref Info: Reference (cite) `cite.YOLO' on input line 222.
Package hyperref Info: Reference (link) `figure.caption.17' on input line 222.
Package hyperref Info: Reference (link) `figure.caption.18' on input line 222.
Package hyperref Info: Anchor `figure.caption.17' on input line 224.
Package epstopdf Info: Source file: <Cap2/YOLOworking.eps>
(epstopdf)                    date: 2025-08-24 22:38:02
(epstopdf)                    size: 245193 bytes
(epstopdf)             Output file: <Cap2/YOLOworking-eps-converted-to.pdf>
(epstopdf)                    date: 2025-08-25 09:12:55
(epstopdf)                    size: 191334 bytes
(epstopdf)             Command: <miktex-epstopdf --outfile=Cap2/YOLOworking-eps-converted-to.pdf Cap2/YOLOworking.eps>
(epstopdf)             \includegraphics on input line 226.
Package epstopdf Info: Output file is already uptodate.
<Cap2/YOLOworking-eps-converted-to.pdf, id=779, 966.61125pt x 614.295pt>
File: Cap2/YOLOworking-eps-converted-to.pdf Graphic file (type pdf)
<use Cap2/YOLOworking-eps-converted-to.pdf>
Package pdftex.def Info: Cap2/YOLOworking-eps-converted-to.pdf  used on input line 226.
(pdftex.def)             Requested size: 289.98561pt x 184.28992pt.
pdftex: bookmark at 227: {2.8} {\numberline{2.8}{\ignorespaces YOLO model. Source: \citeonline {YOLO}.}} {figure.caption.17}{0}{lof}
Package hyperref Info: Reference (cite) `cite.YOLO' on input line 227.
Package hyperref Info: Reference (cite) `cite.YOLO' on input line 227.
Package hyperref Info: Reference (cite) `cite.YOLO' on input line 227.
Package hyperref Info: Reference (cite) `cite.YOLO' on input line 227.

LaTeX Warning: `h' float specifier changed to `ht'.

Package hyperref Info: Anchor `figure.caption.18' on input line 230.
Package epstopdf Info: Source file: <Cap2/YOLOv1.eps>
(epstopdf)                    date: 2025-08-24 22:38:48
(epstopdf)                    size: 218814 bytes
(epstopdf)             Output file: <Cap2/YOLOv1-eps-converted-to.pdf>
(epstopdf)                    date: 2025-08-25 09:12:55
(epstopdf)                    size: 170793 bytes
(epstopdf)             Command: <miktex-epstopdf --outfile=Cap2/YOLOv1-eps-converted-to.pdf Cap2/YOLOv1.eps>
(epstopdf)             \includegraphics on input line 231.
Package epstopdf Info: Output file is already uptodate.
<Cap2/YOLOv1-eps-converted-to.pdf, id=784, 1199.48125pt x 495.8525pt>
File: Cap2/YOLOv1-eps-converted-to.pdf Graphic file (type pdf)
<use Cap2/YOLOv1-eps-converted-to.pdf>
Package pdftex.def Info: Cap2/YOLOv1-eps-converted-to.pdf  used on input line 231.
(pdftex.def)             Requested size: 419.82472pt x 173.55096pt.
pdftex: bookmark at 232: {2.9} {\numberline{2.9}{\ignorespaces YOLOv1 architecture. Source: \citeonline {YOLO}.}} {figure.caption.18}{0}{lof}
Package hyperref Info: Reference (cite) `cite.YOLO' on input line 232.
Package hyperref Info: Reference (cite) `cite.YOLO' on input line 232.
Package hyperref Info: Reference (cite) `cite.YOLO' on input line 232.
Package hyperref Info: Reference (cite) `cite.YOLO' on input line 232.


Package hyperref Info: Anchor `page.34' on input line 234.
[34
Package `hyperref' Info: End of reference (cite) `cite.9145130', line 207.
Package `hyperref' Info: End of reference (cite) `cite.9145130', line 207.
Package `hyperref' Info: End of reference (cite) `cite.YOLO', line 222.
Package `hyperref' Info: End of reference (cite) `cite.YOLO', line 222.
Package `hyperref' Info: End of reference (link) `figure.caption.17', line 222.
Package `hyperref' Info: End of reference (link) `figure.caption.18', line 222.
 <./Cap2/PrecisionxRecallCurve-eps-converted-to.pdf>]
Package hyperref Info: Reference (cite) `cite.Jocher_Ultralytics_YOLO_2023' on input line 235.
Package hyperref Info: Reference (cite) `cite.Jocher_Ultralytics_YOLO_2023' on input line 235.
Package hyperref Info: Anchor `section.2.10' on input line 237.

pdftex: bookmark at 237: {2.10} {\numberline{2.10}Kalman Filter} {section.2.10}{1}{toc}
Package hyperref Info: Anchor `equation.2.26' on input line 242.
Package hyperref Info: Anchor `equation.2.26' on input line 242.
Package hyperref Info: Anchor `equation.2.26' on input line 242.
Package hyperref Info: Anchor `equation.2.26' on input line 242.


Package hyperref Info: Anchor `page.35' on input line 246.
[35
Package `hyperref' Info: End of reference (cite) `cite.YOLO', line 227.
Package `hyperref' Info: End of reference (cite) `cite.YOLO', line 227.
Package `hyperref' Info: End of reference (cite) `cite.YOLO', line 232.
Package `hyperref' Info: End of reference (cite) `cite.YOLO', line 232.
Package `hyperref' Info: End of reference (cite) `cite.Jocher_Ultralytics_YOLO_2023', line 235.
Package `hyperref' Info: End of reference (cite) `cite.Jocher_Ultralytics_YOLO_2023', line 235.
 <./Cap2/YOLOworking-eps-converted-to.pdf> <./Cap2/YOLOv1-eps-converted-to.pdf>]
Package hyperref Info: Anchor `equation.2.27' on input line 246.
Package hyperref Info: Anchor `equation.2.27' on input line 246.
Package hyperref Info: Anchor `equation.2.27' on input line 246.
Package hyperref Info: Anchor `equation.2.27' on input line 246.
Package hyperref Info: Anchor `equation.2.28' on input line 250.
Package hyperref Info: Anchor `equation.2.28' on input line 250.
Package hyperref Info: Anchor `equation.2.28' on input line 250.
Package hyperref Info: Anchor `equation.2.28' on input line 250.
Package hyperref Info: Reference (link) `figure.caption.19' on input line 253.
Package hyperref Info: Anchor `equation.2.29' on input line 254.
Package hyperref Info: Anchor `equation.2.29' on input line 254.
Package hyperref Info: Anchor `equation.2.29' on input line 254.
Package hyperref Info: Anchor `equation.2.29' on input line 254.
Package hyperref Info: Anchor `equation.2.30' on input line 258.
Package hyperref Info: Anchor `equation.2.30' on input line 258.
Package hyperref Info: Anchor `equation.2.30' on input line 258.
Package hyperref Info: Anchor `equation.2.30' on input line 258.
Package hyperref Info: Anchor `figure.caption.19' on input line 262.
Package epstopdf Info: Source file: <Cap2/Recursivekalman.eps>
(epstopdf)                    date: 2025-08-24 22:47:39
(epstopdf)                    size: 113520 bytes
(epstopdf)             Output file: <Cap2/Recursivekalman-eps-converted-to.pdf>
(epstopdf)                    date: 2025-08-25 09:12:56
(epstopdf)                    size: 88875 bytes
(epstopdf)             Command: <miktex-epstopdf --outfile=Cap2/Recursivekalman-eps-converted-to.pdf Cap2/Recursivekalman.eps>
(epstopdf)             \includegraphics on input line 264.
Package epstopdf Info: Output file is already uptodate.
<Cap2/Recursivekalman-eps-converted-to.pdf, id=813, 640.3925pt x 590.205pt>
File: Cap2/Recursivekalman-eps-converted-to.pdf Graphic file (type pdf)
<use Cap2/Recursivekalman-eps-converted-to.pdf>
Package pdftex.def Info: Cap2/Recursivekalman-eps-converted-to.pdf  used on input line 264.
(pdftex.def)             Requested size: 320.19547pt x 295.10178pt.

pdftex: bookmark at 265: {2.10} {\numberline{2.10}{\ignorespaces Kalman filter algorithm working recursivelly. Extracted from \citeonline {Lacey1998TutorialTK}.}} {figure.caption.19}{0}{lof}
Package hyperref Info: Reference (cite) `cite.Lacey1998TutorialTK' on input line 265.
Package hyperref Info: Reference (cite) `cite.Lacey1998TutorialTK' on input line 265.
Package hyperref Info: Reference (cite) `cite.Lacey1998TutorialTK' on input line 265.
Package hyperref Info: Reference (cite) `cite.Lacey1998TutorialTK' on input line 265.
Package hyperref Info: Anchor `section.2.11' on input line 268.
pdftex: bookmark at 268: {2.11} {\numberline{2.11}Gimbal System} {section.2.11}{1}{toc}


Package hyperref Info: Anchor `page.36' on input line 271.
[36
Package `hyperref' Info: End of reference (link) `figure.caption.19', line 253.
Package `hyperref' Info: End of reference (cite) `cite.Lacey1998TutorialTK', line 265.
Package `hyperref' Info: End of reference (cite) `cite.Lacey1998TutorialTK', line 265.
 <./Cap2/Recursivekalman-eps-converted-to.pdf>]
Package hyperref Info: Anchor `subsection.2.11.1' on input line 271.

pdftex: bookmark at 271: {2.11.1} {\numberline{2.11.1}Reference Frames} {subsection.2.11.1}{2}{toc}
Package hyperref Info: Reference (link) `figure.caption.20' on input line 273.
Package hyperref Info: Anchor `figure.caption.20' on input line 285.
Package epstopdf Info: Source file: <Cap6/Gimbal_final.eps>
(epstopdf)                    date: 2025-08-24 23:52:05
(epstopdf)                    size: 283635 bytes
(epstopdf)             Output file: <Cap6/Gimbal_final-eps-converted-to.pdf>
(epstopdf)                    date: 2025-08-24 23:52:11
(epstopdf)                    size: 178928 bytes
(epstopdf)             Command: <miktex-epstopdf --outfile=Cap6/Gimbal_final-eps-converted-to.pdf Cap6/Gimbal_final.eps>
(epstopdf)             \includegraphics on input line 287.
Package epstopdf Info: Output file is already uptodate.
<Cap6/Gimbal_final-eps-converted-to.pdf, id=830, 952.55875pt x 587.19376pt>
File: Cap6/Gimbal_final-eps-converted-to.pdf Graphic file (type pdf)
<use Cap6/Gimbal_final-eps-converted-to.pdf>
Package pdftex.def Info: Cap6/Gimbal_final-eps-converted-to.pdf  used on input line 287.
(pdftex.def)             Requested size: 381.01675pt x 234.87334pt.
pdftex: bookmark at 288: {2.11} {\numberline{2.11}{\ignorespaces Reference frames of 2-DOF Gimbal. Extracted from \citeonline {Gimbalmodel}}} {figure.caption.20}{0}{lof}
Package hyperref Info: Reference (cite) `cite.Gimbalmodel' on input line 288.
Package hyperref Info: Reference (cite) `cite.Gimbalmodel' on input line 288.
Package hyperref Info: Reference (cite) `cite.Gimbalmodel' on input line 288.
Package hyperref Info: Reference (cite) `cite.Gimbalmodel' on input line 288.


Package hyperref Info: Anchor `page.37' on input line 290.
[37
Package `hyperref' Info: End of reference (link) `figure.caption.20', line 273.
]
Package hyperref Info: Reference (cite) `cite.Done_1999' on input line 291.
Package hyperref Info: Reference (cite) `cite.Done_1999' on input line 291.
Package hyperref Info: Anchor `equation.2.31' on input line 293.
Package hyperref Info: Anchor `equation.2.31' on input line 293.
Package hyperref Info: Anchor `equation.2.31' on input line 293.
Package hyperref Info: Anchor `equation.2.31' on input line 293.
Package hyperref Info: Anchor `equation.2.32' on input line 297.
Package hyperref Info: Anchor `equation.2.32' on input line 297.
Package hyperref Info: Anchor `equation.2.32' on input line 297.
Package hyperref Info: Anchor `equation.2.32' on input line 297.
Package hyperref Info: Anchor `equation.2.33' on input line 303.
Package hyperref Info: Anchor `equation.2.33' on input line 303.
Package hyperref Info: Anchor `equation.2.33' on input line 303.
Package hyperref Info: Anchor `equation.2.33' on input line 303.
Package hyperref Info: Anchor `subsection.2.11.2' on input line 308.

pdftex: bookmark at 308: {2.11.2} {\numberline{2.11.2}Kinematics} {subsection.2.11.2}{2}{toc}
Package hyperref Info: Reference (cite) `cite.poyrazoglu_2017' on input line 309.
Package hyperref Info: Reference (cite) `cite.poyrazoglu_2017' on input line 309.


Package hyperref Info: Anchor `page.38' on input line 310.
[38
Package `hyperref' Info: End of reference (cite) `cite.Gimbalmodel', line 288.
Package `hyperref' Info: End of reference (cite) `cite.Gimbalmodel', line 288.
Package `hyperref' Info: End of reference (cite) `cite.Done_1999', line 291.
Package `hyperref' Info: End of reference (cite) `cite.Done_1999', line 291.
 <./Cap6/Gimbal_final-eps-converted-to.pdf>]
Package hyperref Info: Anchor `subsubsection.2.11.2.1' on input line 311.

pdftex: bookmark at 311: {2.11.2.1} {\numberline{2.11.2.1}Angular Velocity} {subsubsection.2.11.2.1}{3}{toc}
Package hyperref Info: Anchor `equation.2.34' on input line 314.
Package hyperref Info: Anchor `equation.2.34' on input line 314.
Package hyperref Info: Anchor `equation.2.34' on input line 314.
Package hyperref Info: Anchor `equation.2.34' on input line 314.
Package hyperref Info: Anchor `equation.2.35' on input line 319.
Package hyperref Info: Anchor `equation.2.35' on input line 319.
Package hyperref Info: Anchor `equation.2.35' on input line 319.
Package hyperref Info: Anchor `equation.2.35' on input line 319.
Package hyperref Info: Anchor `equation.2.36' on input line 323.
Package hyperref Info: Anchor `equation.2.36' on input line 323.
Package hyperref Info: Anchor `equation.2.36' on input line 323.
Package hyperref Info: Anchor `equation.2.36' on input line 323.
Package hyperref Info: Anchor `equation.2.37' on input line 329.
Package hyperref Info: Anchor `equation.2.37' on input line 329.
Package hyperref Info: Anchor `equation.2.37' on input line 329.
Package hyperref Info: Anchor `equation.2.37' on input line 329.
Package hyperref Info: Anchor `equation.2.38' on input line 333.
Package hyperref Info: Anchor `equation.2.38' on input line 333.
Package hyperref Info: Anchor `equation.2.38' on input line 333.
Package hyperref Info: Anchor `equation.2.38' on input line 333.
Package hyperref Info: Anchor `equation.2.39' on input line 337.
Package hyperref Info: Anchor `equation.2.39' on input line 337.
Package hyperref Info: Anchor `equation.2.39' on input line 337.
Package hyperref Info: Anchor `equation.2.39' on input line 337.
Package hyperref Info: Anchor `equation.2.40' on input line 341.
Package hyperref Info: Anchor `equation.2.40' on input line 341.
Package hyperref Info: Anchor `equation.2.40' on input line 341.
Package hyperref Info: Anchor `equation.2.40' on input line 341.
Package hyperref Info: Anchor `equation.2.41' on input line 348.
Package hyperref Info: Anchor `equation.2.41' on input line 348.
Package hyperref Info: Anchor `equation.2.41' on input line 348.
Package hyperref Info: Anchor `equation.2.41' on input line 348.
Package hyperref Info: Anchor `equation.2.42' on input line 352.
Package hyperref Info: Anchor `equation.2.42' on input line 352.
Package hyperref Info: Anchor `equation.2.42' on input line 352.
Package hyperref Info: Anchor `equation.2.42' on input line 352.


Package hyperref Info: Anchor `page.39' on input line 354.
[39
Package `hyperref' Info: End of reference (cite) `cite.poyrazoglu_2017', line 309.
Package `hyperref' Info: End of reference (cite) `cite.poyrazoglu_2017', line 309.
]
Package hyperref Info: Anchor `subsubsection.2.11.2.2' on input line 356.

pdftex: bookmark at 356: {2.11.2.2} {\numberline{2.11.2.2}Angular Acceleration} {subsubsection.2.11.2.2}{3}{toc}
Package hyperref Info: Anchor `equation.2.43' on input line 359.
Package hyperref Info: Anchor `equation.2.43' on input line 359.
Package hyperref Info: Anchor `equation.2.43' on input line 359.
Package hyperref Info: Anchor `equation.2.43' on input line 359.
Package hyperref Info: Anchor `equation.2.44' on input line 363.
Package hyperref Info: Anchor `equation.2.44' on input line 363.
Package hyperref Info: Anchor `equation.2.44' on input line 363.
Package hyperref Info: Anchor `equation.2.44' on input line 363.
Package hyperref Info: Anchor `equation.2.45' on input line 367.
Package hyperref Info: Anchor `equation.2.45' on input line 367.
Package hyperref Info: Anchor `equation.2.45' on input line 367.
Package hyperref Info: Anchor `equation.2.45' on input line 367.
Package hyperref Info: Anchor `equation.2.46' on input line 373.
Package hyperref Info: Anchor `equation.2.46' on input line 373.
Package hyperref Info: Anchor `equation.2.46' on input line 373.
Package hyperref Info: Anchor `equation.2.46' on input line 373.
Package hyperref Info: Anchor `equation.2.47' on input line 377.
Package hyperref Info: Anchor `equation.2.47' on input line 377.
Package hyperref Info: Anchor `equation.2.47' on input line 377.
Package hyperref Info: Anchor `equation.2.47' on input line 377.
Package hyperref Info: Anchor `equation.2.48' on input line 381.
Package hyperref Info: Anchor `equation.2.48' on input line 381.
Package hyperref Info: Anchor `equation.2.48' on input line 381.
Package hyperref Info: Anchor `equation.2.48' on input line 381.
Package hyperref Info: Anchor `subsection.2.11.3' on input line 386.
pdftex: bookmark at 386: {2.11.3} {\numberline{2.11.3}Friction Model} {subsection.2.11.3}{2}{toc}


Package hyperref Info: Anchor `page.40' on input line 391.
[40]
Package hyperref Info: Reference (cite) `cite.espinosa2016diseno' on input line 394.
Package hyperref Info: Reference (cite) `cite.espinosa2016diseno' on input line 394.
Package hyperref Info: Anchor `equation.2.49' on input line 395.
Package hyperref Info: Anchor `equation.2.49' on input line 395.
Package hyperref Info: Anchor `equation.2.49' on input line 395.
Package hyperref Info: Anchor `equation.2.49' on input line 395.
Package hyperref Info: Anchor `equation.2.50' on input line 400.
Package hyperref Info: Anchor `equation.2.50' on input line 400.
Package hyperref Info: Anchor `equation.2.50' on input line 400.
Package hyperref Info: Anchor `equation.2.50' on input line 400.
Package hyperref Info: Anchor `subsection.2.11.4' on input line 408.

pdftex: bookmark at 408: {2.11.4} {\numberline{2.11.4}Gimbal Dynamics} {subsection.2.11.4}{2}{toc}
Package hyperref Info: Reference (cite) `cite.boiffier1998dynamics' on input line 410.
Package hyperref Info: Reference (cite) `cite.boiffier1998dynamics' on input line 410.
Package hyperref Info: Reference (cite) `cite.poyrazoglu_2017' on input line 412.
Package hyperref Info: Reference (cite) `cite.poyrazoglu_2017' on input line 412.
Package hyperref Info: Reference (cite) `cite.espinosa2016diseno' on input line 412.
Package hyperref Info: Reference (cite) `cite.espinosa2016diseno' on input line 412.


Package hyperref Info: Anchor `page.41' on input line 413.
[41
Package `hyperref' Info: End of reference (cite) `cite.espinosa2016diseno', line 394.
Package `hyperref' Info: End of reference (cite) `cite.espinosa2016diseno', line 394.
Package `hyperref' Info: End of reference (cite) `cite.boiffier1998dynamics', line 410.
Package `hyperref' Info: End of reference (cite) `cite.boiffier1998dynamics', line 410.
]
Package hyperref Info: Anchor `subsubsection.2.11.4.1' on input line 416.

pdftex: bookmark at 416: {2.11.4.1} {\numberline{2.11.4.1}Inner Gimbal} {subsubsection.2.11.4.1}{3}{toc}
Package hyperref Info: Anchor `equation.2.51' on input line 418.
Package hyperref Info: Anchor `equation.2.51' on input line 418.
Package hyperref Info: Anchor `equation.2.51' on input line 418.
Package hyperref Info: Anchor `equation.2.51' on input line 418.
Package hyperref Info: Reference (cite) `cite.boiffier1998dynamics' on input line 422.
Package hyperref Info: Reference (cite) `cite.boiffier1998dynamics' on input line 422.
Package hyperref Info: Anchor `equation.2.52' on input line 423.
Package hyperref Info: Anchor `equation.2.52' on input line 423.
Package hyperref Info: Anchor `equation.2.52' on input line 423.
Package hyperref Info: Anchor `equation.2.52' on input line 423.
Package hyperref Info: Reference (link) `equation.2.52' on input line 427.
Package hyperref Info: Anchor `equation.2.53' on input line 428.
Package hyperref Info: Anchor `equation.2.53' on input line 428.
Package hyperref Info: Anchor `equation.2.53' on input line 428.
Package hyperref Info: Anchor `equation.2.53' on input line 428.
Package hyperref Info: Anchor `equation.2.54' on input line 431.
Package hyperref Info: Anchor `equation.2.54' on input line 431.
Package hyperref Info: Anchor `equation.2.54' on input line 431.
Package hyperref Info: Anchor `equation.2.54' on input line 431.


Package hyperref Info: Anchor `page.42' on input line 436.
[42
Package `hyperref' Info: End of reference (cite) `cite.poyrazoglu_2017', line 412.
Package `hyperref' Info: End of reference (cite) `cite.poyrazoglu_2017', line 412.
Package `hyperref' Info: End of reference (cite) `cite.espinosa2016diseno', line 412.
Package `hyperref' Info: End of reference (cite) `cite.espinosa2016diseno', line 412.
Package `hyperref' Info: End of reference (cite) `cite.boiffier1998dynamics', line 422.
Package `hyperref' Info: End of reference (cite) `cite.boiffier1998dynamics', line 422.
Package `hyperref' Info: End of reference (link) `equation.2.52', line 427.
]
Package hyperref Info: Anchor `equation.2.55' on input line 436.
Package hyperref Info: Anchor `equation.2.55' on input line 436.
Package hyperref Info: Anchor `equation.2.55' on input line 436.
Package hyperref Info: Anchor `equation.2.55' on input line 436.
Package hyperref Info: Anchor `equation.2.56' on input line 440.
Package hyperref Info: Anchor `equation.2.56' on input line 440.
Package hyperref Info: Anchor `equation.2.56' on input line 440.
Package hyperref Info: Anchor `equation.2.56' on input line 440.
Package hyperref Info: Reference (link) `equation.2.56' on input line 445.
Package hyperref Info: Anchor `subsubsection.2.11.4.2' on input line 447.

pdftex: bookmark at 447: {2.11.4.2} {\numberline{2.11.4.2}Outer Gimbal} {subsubsection.2.11.4.2}{3}{toc}
Package hyperref Info: Anchor `equation.2.57' on input line 450.
Package hyperref Info: Anchor `equation.2.57' on input line 450.
Package hyperref Info: Anchor `equation.2.57' on input line 450.
Package hyperref Info: Anchor `equation.2.57' on input line 450.
Package hyperref Info: Reference (link) `equation.2.52' on input line 454.
Package hyperref Info: Anchor `equation.2.58' on input line 455.
Package hyperref Info: Anchor `equation.2.58' on input line 455.
Package hyperref Info: Anchor `equation.2.58' on input line 455.
Package hyperref Info: Anchor `equation.2.58' on input line 455.
Package hyperref Info: Anchor `equation.2.59' on input line 459.
Package hyperref Info: Anchor `equation.2.59' on input line 459.
Package hyperref Info: Anchor `equation.2.59' on input line 459.
Package hyperref Info: Anchor `equation.2.59' on input line 459.
Package hyperref Info: Reference (link) `equation.2.59' on input line 463.


Package hyperref Info: Anchor `page.43' on input line 467.
[43
Package `hyperref' Info: End of reference (link) `equation.2.56', line 445.
Package `hyperref' Info: End of reference (link) `equation.2.52', line 454.
Package `hyperref' Info: End of reference (link) `equation.2.59', line 463.
]
Package hyperref Info: Anchor `equation.2.60' on input line 470.
Package hyperref Info: Anchor `equation.2.60' on input line 470.
Package hyperref Info: Anchor `equation.2.60' on input line 470.
Package hyperref Info: Anchor `equation.2.60' on input line 470.
)

Package hyperref Info: Anchor `page.44' on input line 154.
[44]
Package hyperref Info: Anchor `chapter.3' on input line 154.

Chapter 3.
pdftex: bookmark at 154: {3} {\numberline{3}Object Tracking System} {chapter.3}{0}{toc}
(Cap3/cap3.tex
Package hyperref Info: Anchor `section.3.1' on input line 3.

pdftex: bookmark at 3: {3.1} {\numberline{3.1}Architecture} {section.3.1}{1}{toc}


Package hyperref Info: Anchor `page.45' on input line 13.
[45

]
Package hyperref Info: Anchor `figure.caption.21' on input line 14.
Package epstopdf Info: Source file: <Cap3/arquitetura.eps>
(epstopdf)                    date: 2025-08-25 00:02:56
(epstopdf)                    size: 187364 bytes
(epstopdf)             Output file: <Cap3/arquitetura-eps-converted-to.pdf>
(epstopdf)                    date: 2025-08-25 00:03:04
(epstopdf)                    size: 71781 bytes
(epstopdf)             Command: <miktex-epstopdf --outfile=Cap3/arquitetura-eps-converted-to.pdf Cap3/arquitetura.eps>
(epstopdf)             \includegraphics on input line 16.
Package epstopdf Info: Output file is already uptodate.
<Cap3/arquitetura-eps-converted-to.pdf, id=942, 648.4225pt x 228.855pt>
File: Cap3/arquitetura-eps-converted-to.pdf Graphic file (type pdf)
<use Cap3/arquitetura-eps-converted-to.pdf>
Package pdftex.def Info: Cap3/arquitetura-eps-converted-to.pdf  used on input line 16.
(pdftex.def)             Requested size: 453.89265pt x 160.1974pt.

pdftex: bookmark at 17: {3.1} {\numberline{3.1}{\ignorespaces Proposed architecture for the system.}} {figure.caption.21}{0}{lof}
Package hyperref Info: Anchor `section.3.2' on input line 20.
pdftex: bookmark at 20: {3.2} {\numberline{3.2}Image Acquisition} {section.3.2}{1}{toc}
Package hyperref Info: Reference (link) `subsection.2.11.1' on input line 21.
Package hyperref Info: Reference (link) `figure.caption.22' on input line 23.
Package hyperref Info: Anchor `figure.caption.22' on input line 25.
Package epstopdf Info: Source file: <Cap3/CAMERA_PICTURE.eps>
(epstopdf)                    date: 2025-08-24 13:18:44
(epstopdf)                    size: 321527 bytes
(epstopdf)             Output file: <Cap3/CAMERA_PICTURE-eps-converted-to.pdf>
(epstopdf)                    date: 2025-08-24 13:18:57
(epstopdf)                    size: 96325 bytes
(epstopdf)             Command: <miktex-epstopdf --outfile=Cap3/CAMERA_PICTURE-eps-converted-to.pdf Cap3/CAMERA_PICTURE.eps>
(epstopdf)             \includegraphics on input line 26.
Package epstopdf Info: Output file is already uptodate.
<Cap3/CAMERA_PICTURE-eps-converted-to.pdf, id=945, 782.925pt x 378.41376pt>
File: Cap3/CAMERA_PICTURE-eps-converted-to.pdf Graphic file (type pdf)
<use Cap3/CAMERA_PICTURE-eps-converted-to.pdf>
Package pdftex.def Info: Cap3/CAMERA_PICTURE-eps-converted-to.pdf  used on input line 26.
(pdftex.def)             Requested size: 469.75862pt x 227.05pt.

Overfull \hbox (14.51451pt too wide) in paragraph at lines 26--27
[][] 
 []

pdftex: bookmark at 27: {3.2} {\numberline{3.2}{\ignorespaces Image acquisition model.}} {figure.caption.22}{0}{lof}


Package hyperref Info: Anchor `page.46' on input line 29.
[46
Package `hyperref' Info: End of reference (link) `subsection.2.11.1', line 21.
Package `hyperref' Info: End of reference (link) `figure.caption.22', line 23.
 <./Cap3/arquitetura-eps-converted-to.pdf>]
Package hyperref Info: Reference (cite) `cite.Hartley2004' on input line 30.
Package hyperref Info: Reference (cite) `cite.Hartley2004' on input line 30.
Package hyperref Info: Reference (link) `figure.caption.23' on input line 30.
Package hyperref Info: Anchor `figure.caption.23' on input line 31.
<Cap3/Pinholecamera.jpg, id=960, 904.5795pt x 281.25075pt>
File: Cap3/Pinholecamera.jpg Graphic file (type jpg)
<use Cap3/Pinholecamera.jpg>
Package pdftex.def Info: Cap3/Pinholecamera.jpg  used on input line 33.
(pdftex.def)             Requested size: 452.28865pt x 140.62502pt.

pdftex: bookmark at 34: {3.3} {\numberline{3.3}{\ignorespaces Pinhole camera geometry. Extracted from \citeonline {Hartley2004}.}} {figure.caption.23}{0}{lof}
Package hyperref Info: Reference (cite) `cite.Hartley2004' on input line 34.
Package hyperref Info: Reference (cite) `cite.Hartley2004' on input line 34.
Package hyperref Info: Reference (cite) `cite.Hartley2004' on input line 34.
Package hyperref Info: Reference (cite) `cite.Hartley2004' on input line 34.
Package hyperref Info: Reference (link) `figure.caption.24' on input line 36.
Package hyperref Info: Anchor `figure.caption.24' on input line 37.
<Cap3/world3d_1.jpg, id=966, 493.845pt x 280.6485pt>
File: Cap3/world3d_1.jpg Graphic file (type jpg)
<use Cap3/world3d_1.jpg>
Package pdftex.def Info: Cap3/world3d_1.jpg  used on input line 39.
(pdftex.def)             Requested size: 246.92189pt x 140.3239pt.
pdftex: bookmark at 40: {3.4} {\numberline{3.4}{\ignorespaces Resultant frame.}} {figure.caption.24}{0}{lof}


Package hyperref Info: Anchor `page.47' on input line 42.
[47
Package `hyperref' Info: End of reference (cite) `cite.Hartley2004', line 30.
Package `hyperref' Info: End of reference (cite) `cite.Hartley2004', line 30.
Package `hyperref' Info: End of reference (link) `figure.caption.23', line 30.
Package `hyperref' Info: End of reference (cite) `cite.Hartley2004', line 34.
Package `hyperref' Info: End of reference (cite) `cite.Hartley2004', line 34.
Package `hyperref' Info: End of reference (link) `figure.caption.24', line 36.
 <./Cap3/CAMERA_PICTURE-eps-converted-to.pdf> <./Cap3/Pinholecamera.jpg>]
Package hyperref Info: Anchor `section.3.3' on input line 44.

pdftex: bookmark at 44: {3.3} {\numberline{3.3}Object Detection Algorithm} {section.3.3}{1}{toc}
Package hyperref Info: Reference (link) `figure.caption.25' on input line 45.
Package hyperref Info: Anchor `figure.caption.25' on input line 46.
Package epstopdf Info: Source file: <Cap3/YOLOGRAFICO.eps>
(epstopdf)                    date: 2025-08-25 00:06:49
(epstopdf)                    size: 456299 bytes
(epstopdf)             Output file: <Cap3/YOLOGRAFICO-eps-converted-to.pdf>
(epstopdf)                    date: 2025-08-25 00:06:56
(epstopdf)                    size: 80446 bytes
(epstopdf)             Command: <miktex-epstopdf --outfile=Cap3/YOLOGRAFICO-eps-converted-to.pdf Cap3/YOLOGRAFICO.eps>
(epstopdf)             \includegraphics on input line 48.
Package epstopdf Info: Output file is already uptodate.
<Cap3/YOLOGRAFICO-eps-converted-to.pdf, id=979, 418.56375pt x 291.0875pt>
File: Cap3/YOLOGRAFICO-eps-converted-to.pdf Graphic file (type pdf)
<use Cap3/YOLOGRAFICO-eps-converted-to.pdf>
Package pdftex.def Info: Cap3/YOLOGRAFICO-eps-converted-to.pdf  used on input line 48.
(pdftex.def)             Requested size: 209.28136pt x 145.54338pt.
pdftex: bookmark at 49: {3.5} {\numberline{3.5}{\ignorespaces Pixel range for each frame.}} {figure.caption.25}{0}{lof}
Package hyperref Info: Reference (cite) `cite.gatimu2020experimental' on input line 51.
Package hyperref Info: Reference (cite) `cite.gatimu2020experimental' on input line 51.


Package hyperref Info: Anchor `page.48' on input line 52.
[48
Package `hyperref' Info: End of reference (link) `figure.caption.25', line 45.
 <./Cap3/world3d_1.jpg> <./Cap3/YOLOGRAFICO-eps-converted-to.pdf>]
Package hyperref Info: Anchor `section.3.4' on input line 53.

pdftex: bookmark at 53: {3.4} {\numberline{3.4}State Estimation} {section.3.4}{1}{toc}


Package hyperref Info: Anchor `page.49' on input line 68.
[49
Package `hyperref' Info: End of reference (cite) `cite.gatimu2020experimental', line 51.
Package `hyperref' Info: End of reference (cite) `cite.gatimu2020experimental', line 51.
]
Package hyperref Info: Reference (link) `section.2.10' on input line 81.
Package hyperref Info: Reference (link) `table.caption.26' on input line 81.
Package hyperref Info: Anchor `table.caption.26' on input line 83.

pdftex: bookmark at 85: {3.1} {\numberline{3.1}{\ignorespaces Resultant equations for the Kalman filter recursive process.}} {table.caption.26}{0}{lot}
Package hyperref Info: Reference (link) `figure.caption.27' on input line 104.
Package hyperref Info: Anchor `figure.caption.27' on input line 105.
Package epstopdf Info: Source file: <Cap3/kalmanfilter.eps>
(epstopdf)                    date: 2025-08-23 23:20:41
(epstopdf)                    size: 82896 bytes
(epstopdf)             Output file: <Cap3/kalmanfilter-eps-converted-to.pdf>
(epstopdf)                    date: 2025-08-23 23:20:47
(epstopdf)                    size: 103782 bytes
(epstopdf)             Command: <miktex-epstopdf --outfile=Cap3/kalmanfilter-eps-converted-to.pdf Cap3/kalmanfilter.eps>
(epstopdf)             \includegraphics on input line 106.
Package epstopdf Info: Output file is already uptodate.
<Cap3/kalmanfilter-eps-converted-to.pdf, id=1002, 475.7775pt x 830.10126pt>
File: Cap3/kalmanfilter-eps-converted-to.pdf Graphic file (type pdf)
<use Cap3/kalmanfilter-eps-converted-to.pdf>
Package pdftex.def Info: Cap3/kalmanfilter-eps-converted-to.pdf  used on input line 106.
(pdftex.def)             Requested size: 256.91602pt x 448.24802pt.
pdftex: bookmark at 107: {3.6} {\numberline{3.6}{\ignorespaces Kalman filter applied to the YOLOv8's detections.}} {figure.caption.27}{0}{lof}


Package hyperref Info: Anchor `page.50' on input line 109.
[50
Package `hyperref' Info: End of reference (link) `section.2.10', line 81.
Package `hyperref' Info: End of reference (link) `table.caption.26', line 81.
Package `hyperref' Info: End of reference (link) `figure.caption.27', line 104.
]
Package hyperref Info: Anchor `subsection.3.4.1' on input line 110.

pdftex: bookmark at 110: {3.4.1} {\numberline{3.4.1}Post Filter Processing} {subsection.3.4.1}{2}{toc}
Package hyperref Info: Reference (link) `equation.3.1' on input line 112.
Package hyperref Info: Anchor `equation.3.1' on input line 113.
Package hyperref Info: Anchor `equation.3.1' on input line 113.
Package hyperref Info: Anchor `equation.3.1' on input line 113.
Package hyperref Info: Anchor `equation.3.1' on input line 113.
Package hyperref Info: Reference (cite) `cite.Hartley2004' on input line 117.
Package hyperref Info: Reference (cite) `cite.Hartley2004' on input line 117.
Package hyperref Info: Anchor `equation.3.2' on input line 118.
Package hyperref Info: Anchor `equation.3.2' on input line 118.
Package hyperref Info: Anchor `equation.3.2' on input line 118.
Package hyperref Info: Anchor `equation.3.2' on input line 118.


Package hyperref Info: Anchor `page.51' on input line 123.
[51
Package `hyperref' Info: End of reference (link) `equation.3.1', line 112.
Package `hyperref' Info: End of reference (cite) `cite.Hartley2004', line 117.
Package `hyperref' Info: End of reference (cite) `cite.Hartley2004', line 117.
 <./Cap3/kalmanfilter-eps-converted-to.pdf>]
Package hyperref Info: Anchor `section.3.5' on input line 124.

pdftex: bookmark at 124: {3.5} {\numberline{3.5}Gimbal Model} {section.3.5}{1}{toc}
Package hyperref Info: Anchor `subsection.3.5.1' on input line 127.
pdftex: bookmark at 127: {3.5.1} {\numberline{3.5.1}Rotational Axes} {subsection.3.5.1}{2}{toc}
Package hyperref Info: Reference (link) `equation.3.3' on input line 129.
Package hyperref Info: Anchor `equation.3.3' on input line 130.
Package hyperref Info: Anchor `equation.3.3' on input line 130.
Package hyperref Info: Anchor `equation.3.3' on input line 130.
Package hyperref Info: Anchor `equation.3.3' on input line 130.
Package hyperref Info: Reference (link) `subsection.2.11.4' on input line 134.
Package hyperref Info: Anchor `equation.3.4' on input line 135.
Package hyperref Info: Anchor `equation.3.4' on input line 135.
Package hyperref Info: Anchor `equation.3.4' on input line 135.
Package hyperref Info: Anchor `equation.3.4' on input line 135.
Package hyperref Info: Anchor `equation.3.5' on input line 139.
Package hyperref Info: Anchor `equation.3.5' on input line 139.
Package hyperref Info: Anchor `equation.3.5' on input line 139.
Package hyperref Info: Anchor `equation.3.5' on input line 139.
Package hyperref Info: Anchor `equation.3.6' on input line 144.
Package hyperref Info: Anchor `equation.3.6' on input line 144.
Package hyperref Info: Anchor `equation.3.6' on input line 144.
Package hyperref Info: Anchor `equation.3.6' on input line 144.
Package hyperref Info: Reference (link) `table.caption.28' on input line 148.
Package hyperref Info: Reference (cite) `cite.espinosa2016diseno' on input line 148.
Package hyperref Info: Reference (cite) `cite.espinosa2016diseno' on input line 148.
Package hyperref Info: Anchor `table.caption.28' on input line 149.
pdftex: bookmark at 151: {3.2} {\numberline{3.2}{\ignorespaces Gimbal's Inertial Parameters.}} {table.caption.28}{0}{lot}


Package hyperref Info: Anchor `page.52' on input line 172.
[52
Package `hyperref' Info: End of reference (link) `equation.3.3', line 129.
Package `hyperref' Info: End of reference (link) `subsection.2.11.4', line 134.
Package `hyperref' Info: End of reference (link) `table.caption.28', line 148.
Package `hyperref' Info: End of reference (cite) `cite.espinosa2016diseno', line 148.
Package `hyperref' Info: End of reference (cite) `cite.espinosa2016diseno', line 148.
]
Package hyperref Info: Anchor `subsection.3.5.2' on input line 173.

pdftex: bookmark at 173: {3.5.2} {\numberline{3.5.2}Electrical Motors} {subsection.3.5.2}{2}{toc}
Package hyperref Info: Reference (link) `figure.caption.29' on input line 175.
Package hyperref Info: Anchor `figure.caption.29' on input line 176.
<Cap3/Servomotorcircuit.jpg, id=1033, 710.655pt x 346.29375pt>
File: Cap3/Servomotorcircuit.jpg Graphic file (type jpg)
<use Cap3/Servomotorcircuit.jpg>
Package pdftex.def Info: Cap3/Servomotorcircuit.jpg  used on input line 178.
(pdftex.def)             Requested size: 284.25696pt x 138.51503pt.
pdftex: bookmark at 179: {3.7} {\numberline{3.7}{\ignorespaces Equivalent circuit diagram of DC servo motor. Extracted from \citeonline {servomotorarticle}.}} {figure.caption.29}{0}{lof}
Package hyperref Info: Reference (cite) `cite.servomotorarticle' on input line 179.
Package hyperref Info: Reference (cite) `cite.servomotorarticle' on input line 179.
Package hyperref Info: Reference (cite) `cite.servomotorarticle' on input line 179.
Package hyperref Info: Reference (cite) `cite.servomotorarticle' on input line 179.
Package hyperref Info: Anchor `equation.3.7' on input line 182.
Package hyperref Info: Anchor `equation.3.7' on input line 182.
Package hyperref Info: Anchor `equation.3.7' on input line 182.
Package hyperref Info: Anchor `equation.3.7' on input line 182.
Package hyperref Info: Reference (link) `equation.3.7' on input line 187.
Package hyperref Info: Anchor `equation.3.8' on input line 188.
Package hyperref Info: Anchor `equation.3.8' on input line 188.
Package hyperref Info: Anchor `equation.3.8' on input line 188.
Package hyperref Info: Anchor `equation.3.8' on input line 188.
Package hyperref Info: Anchor `equation.3.9' on input line 193.
Package hyperref Info: Anchor `equation.3.9' on input line 193.
Package hyperref Info: Anchor `equation.3.9' on input line 193.
Package hyperref Info: Anchor `equation.3.9' on input line 193.


Package hyperref Info: Anchor `page.53' on input line 196.
[53
Package `hyperref' Info: End of reference (link) `figure.caption.29', line 175.
Package `hyperref' Info: End of reference (cite) `cite.servomotorarticle', line 179.
Package `hyperref' Info: End of reference (cite) `cite.servomotorarticle', line 179.
Package `hyperref' Info: End of reference (link) `equation.3.7', line 187.
 <./Cap3/Servomotorcircuit.jpg>]
Package hyperref Info: Reference (link) `figure.caption.30' on input line 197.
Package hyperref Info: Reference (link) `table.caption.31' on input line 197.
Package hyperref Info: Anchor `figure.caption.30' on input line 198.
<Cap3/FAULHABER.jpg, id=1047, 236.082pt x 133.09724pt>
File: Cap3/FAULHABER.jpg Graphic file (type jpg)
<use Cap3/FAULHABER.jpg>
Package pdftex.def Info: Cap3/FAULHABER.jpg  used on input line 200.
(pdftex.def)             Requested size: 118.0407pt x 66.54845pt.

pdftex: bookmark at 201: {3.8} {\numberline{3.8}{\ignorespaces FAULHABER\textsuperscript {\textregistered } 1524T012SR.}} {figure.caption.30}{0}{lof}
Package hyperref Info: Anchor `table.caption.31' on input line 204.
pdftex: bookmark at 206: {3.3} {\numberline{3.3}{\ignorespaces FAULHABER\textsuperscript {\textregistered } 1524T012SR parameters}} {table.caption.31}{0}{lot}
Package hyperref Info: Reference (link) `table.caption.32' on input line 243.
Package hyperref Info: Anchor `table.caption.32' on input line 244.
pdftex: bookmark at 246: {3.4} {\numberline{3.4}{\ignorespaces FAULHABER\textsuperscript {\textregistered } IE2-512 parameters.}} {table.caption.32}{0}{lot}
LaTeX Info: Symbol \texttwosuperior not provided by
            font family aer in TS1 encoding.
            Default family used instead on input line 256.


Package hyperref Info: Anchor `page.54' on input line 263.
[54
Package `hyperref' Info: End of reference (link) `figure.caption.30', line 197.
Package `hyperref' Info: End of reference (link) `table.caption.31', line 197.
Package `hyperref' Info: End of reference (link) `table.caption.32', line 243.
 <./Cap3/FAULHABER.jpg>]
Package hyperref Info: Anchor `subsection.3.5.3' on input line 264.

pdftex: bookmark at 264: {3.5.3} {\numberline{3.5.3}Transfer Functions} {subsection.3.5.3}{2}{toc}
Package hyperref Info: Reference (link) `equation.3.5' on input line 265.
Package hyperref Info: Reference (link) `equation.3.8' on input line 265.
Package hyperref Info: Reference (link) `equation.3.9' on input line 265.
Package hyperref Info: Reference (link) `equation.3.5' on input line 267.
Package hyperref Info: Anchor `equation.3.10' on input line 271.
Package hyperref Info: Anchor `equation.3.10' on input line 271.
Package hyperref Info: Anchor `equation.3.10' on input line 271.
Package hyperref Info: Anchor `equation.3.10' on input line 271.
Package hyperref Info: Reference (link) `equation.3.8' on input line 275.
Package hyperref Info: Anchor `equation.3.11' on input line 279.
Package hyperref Info: Anchor `equation.3.11' on input line 279.
Package hyperref Info: Anchor `equation.3.11' on input line 279.
Package hyperref Info: Anchor `equation.3.11' on input line 279.
Package hyperref Info: Reference (link) `equation.3.9' on input line 283.
Package hyperref Info: Anchor `equation.3.12' on input line 284.
Package hyperref Info: Anchor `equation.3.12' on input line 284.
Package hyperref Info: Anchor `equation.3.12' on input line 284.
Package hyperref Info: Anchor `equation.3.12' on input line 284.
Package hyperref Info: Reference (link) `equation.3.12' on input line 290.
Package hyperref Info: Reference (link) `equation.3.10' on input line 290.
Package hyperref Info: Anchor `equation.3.13' on input line 291.
Package hyperref Info: Anchor `equation.3.13' on input line 291.
Package hyperref Info: Anchor `equation.3.13' on input line 291.
Package hyperref Info: Anchor `equation.3.13' on input line 291.
Package hyperref Info: Anchor `equation.3.14' on input line 295.
Package hyperref Info: Anchor `equation.3.14' on input line 295.
Package hyperref Info: Anchor `equation.3.14' on input line 295.
Package hyperref Info: Anchor `equation.3.14' on input line 295.
Package hyperref Info: Reference (link) `equation.3.13' on input line 299.
Package hyperref Info: Reference (link) `equation.3.14' on input line 299.
Package hyperref Info: Reference (link) `equation.3.11' on input line 299.


Package hyperref Info: Anchor `page.55' on input line 302.
[55
Package `hyperref' Info: End of reference (link) `equation.3.5', line 265.
Package `hyperref' Info: End of reference (link) `equation.3.8', line 265.
Package `hyperref' Info: End of reference (link) `equation.3.9', line 265.
Package `hyperref' Info: End of reference (link) `equation.3.5', line 267.
Package `hyperref' Info: End of reference (link) `equation.3.8', line 275.
Package `hyperref' Info: End of reference (link) `equation.3.9', line 283.
Package `hyperref' Info: End of reference (link) `equation.3.12', line 290.
Package `hyperref' Info: End of reference (link) `equation.3.10', line 290.
Package `hyperref' Info: End of reference (link) `equation.3.13', line 299.
Package `hyperref' Info: End of reference (link) `equation.3.14', line 299.
Package `hyperref' Info: End of reference (link) `equation.3.11', line 299.
]
Package hyperref Info: Anchor `equation.3.15' on input line 304.
Package hyperref Info: Anchor `equation.3.15' on input line 304.
Package hyperref Info: Anchor `equation.3.15' on input line 304.
Package hyperref Info: Anchor `equation.3.15' on input line 304.
Package hyperref Info: Reference (link) `equation.3.5' on input line 309.
Package hyperref Info: Anchor `equation.3.16' on input line 310.
Package hyperref Info: Anchor `equation.3.16' on input line 310.
Package hyperref Info: Anchor `equation.3.16' on input line 310.
Package hyperref Info: Anchor `equation.3.16' on input line 310.
Package hyperref Info: Anchor `equation.3.17' on input line 315.
Package hyperref Info: Anchor `equation.3.17' on input line 315.
Package hyperref Info: Anchor `equation.3.17' on input line 315.
Package hyperref Info: Anchor `equation.3.17' on input line 315.
Package hyperref Info: Anchor `equation.3.18' on input line 318.
Package hyperref Info: Anchor `equation.3.18' on input line 318.
Package hyperref Info: Anchor `equation.3.18' on input line 318.
Package hyperref Info: Anchor `equation.3.18' on input line 318.
Package hyperref Info: Reference (link) `figure.caption.33' on input line 322.
Package hyperref Info: Anchor `figure.caption.33' on input line 324.
Package epstopdf Info: Source file: <cap3/inomeado.eps>
(epstopdf)                    date: 2025-08-23 16:10:43
(epstopdf)                    size: 35845 bytes
(epstopdf)             Output file: <cap3/inomeado-eps-converted-to.pdf>
(epstopdf)                    date: 2025-08-23 16:10:49
(epstopdf)                    size: 32182 bytes
(epstopdf)             Command: <miktex-epstopdf --outfile=cap3/inomeado-eps-converted-to.pdf cap3/inomeado.eps>
(epstopdf)             \includegraphics on input line 327.
Package epstopdf Info: Output file is already uptodate.
<cap3/inomeado-eps-converted-to.pdf, id=1079, 394.47375pt x 827.09pt>
File: cap3/inomeado-eps-converted-to.pdf Graphic file (type pdf)
<use cap3/inomeado-eps-converted-to.pdf>
Package pdftex.def Info: cap3/inomeado-eps-converted-to.pdf  used on input line 327.
(pdftex.def)             Requested size: 197.23639pt x 413.54398pt.
Package epstopdf Info: Source file: <cap3/DCmotorouter.eps>
(epstopdf)                    date: 2025-08-23 16:14:00
(epstopdf)                    size: 34080 bytes
(epstopdf)             Output file: <cap3/DCmotorouter-eps-converted-to.pdf>
(epstopdf)                    date: 2025-08-23 16:14:12
(epstopdf)                    size: 31355 bytes
(epstopdf)             Command: <miktex-epstopdf --outfile=cap3/DCmotorouter-eps-converted-to.pdf cap3/DCmotorouter.eps>
(epstopdf)             \includegraphics on input line 328.
Package epstopdf Info: Output file is already uptodate.
<cap3/DCmotorouter-eps-converted-to.pdf, id=1080, 386.44376pt x 811.03pt>
File: cap3/DCmotorouter-eps-converted-to.pdf Graphic file (type pdf)
<use cap3/DCmotorouter-eps-converted-to.pdf>
Package pdftex.def Info: cap3/DCmotorouter-eps-converted-to.pdf  used on input line 328.
(pdftex.def)             Requested size: 193.2214pt x 405.514pt.

pdftex: bookmark at 330: {3.9} {\numberline{3.9}{\ignorespaces Simulink model for DC servomotor and gimbals.}} {figure.caption.33}{0}{lof}


Package hyperref Info: Anchor `page.56' on input line 333.
[56
Package `hyperref' Info: End of reference (link) `equation.3.5', line 309.
Package `hyperref' Info: End of reference (link) `figure.caption.33', line 322.
]
Package hyperref Info: Anchor `subsection.3.5.4' on input line 334.

pdftex: bookmark at 334: {3.5.4} {\numberline{3.5.4}PID Controller} {subsection.3.5.4}{2}{toc}


Package hyperref Info: Anchor `page.57' on input line 342.
[57 <./cap3/inomeado-eps-converted-to.pdf> <./cap3/DCmotorouter-eps-converted-to.pdf>]
LaTeX Font Info:    Trying to load font information for T1+aett on input line 343.
 (C:\Users\lucas\AppData\Local\Programs\MiKTeX\tex/latex/ae\t1aett.fd
File: t1aett.fd 1997/11/16 Font definitions for T1/aett.
)
Package hyperref Info: Reference (link) `figure.caption.34' on input line 345.
Package hyperref Info: Anchor `figure.caption.34' on input line 347.
Package epstopdf Info: Source file: <Cap3/rlocuscontroladoel.eps>
(epstopdf)                    date: 2025-08-25 00:25:39
(epstopdf)                    size: 54427 bytes
(epstopdf)             Output file: <Cap3/rlocuscontroladoel-eps-converted-to.pdf>
(epstopdf)                    date: 2025-08-25 00:28:04
(epstopdf)                    size: 117714 bytes
(epstopdf)             Command: <miktex-epstopdf --outfile=Cap3/rlocuscontroladoel-eps-converted-to.pdf Cap3/rlocuscontroladoel.eps>
(epstopdf)             \includegraphics on input line 348.
Package epstopdf Info: Output file is already uptodate.
<Cap3/rlocuscontroladoel-eps-converted-to.pdf, id=1100, 1009.7725pt x 511.9125pt>
File: Cap3/rlocuscontroladoel-eps-converted-to.pdf Graphic file (type pdf)
<use Cap3/rlocuscontroladoel-eps-converted-to.pdf>
Package pdftex.def Info: Cap3/rlocuscontroladoel-eps-converted-to.pdf  used on input line 348.
(pdftex.def)             Requested size: 454.39343pt x 230.35849pt.

pdftex: bookmark at 349: {3.10} {\numberline{3.10}{\ignorespaces Root locus plot for Elevation Axis.}} {figure.caption.34}{0}{lof}
Package hyperref Info: Reference (link) `figure.caption.35' on input line 352.


Package hyperref Info: Anchor `page.58' on input line 353.
[58
Package `hyperref' Info: End of reference (link) `figure.caption.34', line 345.
Package `hyperref' Info: End of reference (link) `figure.caption.35', line 352.
 <./Cap3/rlocuscontroladoel-eps-converted-to.pdf>]
Package hyperref Info: Anchor `figure.caption.35' on input line 354.
Package epstopdf Info: Source file: <Cap3/rlocuscontroladoaz.eps>
(epstopdf)                    date: 2025-08-25 00:24:48
(epstopdf)                    size: 55016 bytes
(epstopdf)             Output file: <Cap3/rlocuscontroladoaz-eps-converted-to.pdf>
(epstopdf)                    date: 2025-08-25 00:28:05
(epstopdf)                    size: 118479 bytes
(epstopdf)             Command: <miktex-epstopdf --outfile=Cap3/rlocuscontroladoaz-eps-converted-to.pdf Cap3/rlocuscontroladoaz.eps>
(epstopdf)             \includegraphics on input line 355.
Package epstopdf Info: Output file is already uptodate.
<Cap3/rlocuscontroladoaz-eps-converted-to.pdf, id=1110, 715.67375pt x 370.38374pt>
File: Cap3/rlocuscontroladoaz-eps-converted-to.pdf Graphic file (type pdf)
<use Cap3/rlocuscontroladoaz-eps-converted-to.pdf>
Package pdftex.def Info: Cap3/rlocuscontroladoaz-eps-converted-to.pdf  used on input line 355.
(pdftex.def)             Requested size: 429.40756pt x 222.23195pt.

pdftex: bookmark at 356: {3.11} {\numberline{3.11}{\ignorespaces Root locus plot for Azimuth Axis.}} {figure.caption.35}{0}{lof}
Package hyperref Info: Reference (link) `table.caption.36' on input line 361.
Package hyperref Info: Anchor `table.caption.36' on input line 362.
pdftex: bookmark at 364: {3.5} {\numberline{3.5}{\ignorespaces PID controller parameters for each axis.}} {table.caption.36}{0}{lot}


Package hyperref Info: Anchor `page.59' on input line 378.
[59 <./Cap3/rlocuscontroladoaz-eps-converted-to.pdf>]
Package hyperref Info: Reference (link) `figure.caption.37' on input line 379.
Package hyperref Info: Anchor `figure.caption.37' on input line 380.
Package epstopdf Info: Source file: <Cap3/PIDelevation.eps>
(epstopdf)                    date: 2025-08-23 16:32:06
(epstopdf)                    size: 57798 bytes
(epstopdf)             Output file: <Cap3/PIDelevation-eps-converted-to.pdf>
(epstopdf)                    date: 2025-08-23 16:32:35
(epstopdf)                    size: 54737 bytes
(epstopdf)             Command: <miktex-epstopdf --outfile=Cap3/PIDelevation-eps-converted-to.pdf Cap3/PIDelevation.eps>
(epstopdf)             \includegraphics on input line 382.
Package epstopdf Info: Output file is already uptodate.
<Cap3/PIDelevation-eps-converted-to.pdf, id=1120, 390.45876pt x 818.05624pt>
File: Cap3/PIDelevation-eps-converted-to.pdf Graphic file (type pdf)
<use Cap3/PIDelevation-eps-converted-to.pdf>
Package pdftex.def Info: Cap3/PIDelevation-eps-converted-to.pdf  used on input line 382.
(pdftex.def)             Requested size: 331.8915pt x 695.35109pt.

pdftex: bookmark at 383: {3.12} {\numberline{3.12}{\ignorespaces PID controller implemented in Elevation Axis.}} {figure.caption.37}{0}{lof}
)

Package hyperref Info: Anchor `page.60' on input line 156.
[60
Package `hyperref' Info: End of reference (link) `table.caption.36', line 361.
Package `hyperref' Info: End of reference (link) `figure.caption.37', line 379.
]
Overfull \vbox (14.56801pt too high) has occurred while \output is active []



Package hyperref Info: Anchor `page.61' on input line 156.
[61 <./Cap3/PIDelevation-eps-converted-to.pdf>]
Package hyperref Info: Anchor `chapter.4' on input line 157.

Chapter 4.
pdftex: bookmark at 157: {4} {\numberline{4}Results and Discussions} {chapter.4}{0}{toc}
(Cap4/cap4.tex
Package hyperref Info: Anchor `section.4.1' on input line 3.

pdftex: bookmark at 3: {4.1} {\numberline{4.1}Training YOLO} {section.4.1}{1}{toc}
Package hyperref Info: Reference (cite) `cite.YOLOTraining' on input line 4.
Package hyperref Info: Reference (cite) `cite.YOLOTraining' on input line 4.
Package hyperref Info: Anchor `subsection.4.1.1' on input line 6.
pdftex: bookmark at 6: {4.1.1} {\numberline{4.1.1}Dataset} {subsection.4.1.1}{2}{toc}
Package hyperref Info: Reference (cite) `cite.VisDrone' on input line 7.
Package hyperref Info: Reference (cite) `cite.VisDrone' on input line 7.
Package hyperref Info: Anchor `subsection.4.1.2' on input line 9.
pdftex: bookmark at 9: {4.1.2} {\numberline{4.1.2}Evaluation of Results} {subsection.4.1.2}{2}{toc}
Package hyperref Info: Reference (cite) `cite.lin2015microsoftcococommonobjects' on input line 10.
Package hyperref Info: Reference (cite) `cite.lin2015microsoftcococommonobjects' on input line 10.
Package hyperref Info: Reference (cite) `cite.PascalVOC' on input line 10.
Package hyperref Info: Reference (cite) `cite.PascalVOC' on input line 10.
Package hyperref Info: Reference (link) `figure.caption.38' on input line 10.
Package hyperref Info: Anchor `figure.caption.38' on input line 12.


pdfTeX warning: pdflatex (file ./Cap4/Metrics.pdf): PDF inclusion: found PDF version <1.7>, but at most version <1.5> allowed
<Cap4/Metrics.pdf, id=1142, 845.0471pt x 597.50804pt>
File: Cap4/Metrics.pdf Graphic file (type pdf)
<use Cap4/Metrics.pdf>
Package pdftex.def Info: Cap4/Metrics.pdf  used on input line 14.
(pdftex.def)             Requested size: 253.51608pt x 179.25378pt.
pdftex: bookmark at 15: {4.1} {\numberline{4.1}{\ignorespaces mAP@50 and mAP@50-95 evolution, respectively.}} {figure.caption.38}{0}{lof}

LaTeX Warning: `h' float specifier changed to `ht'.

Package hyperref Info: Reference (link) `table.caption.39' on input line 18.


Package hyperref Info: Anchor `page.62' on input line 19.
[62

Package `hyperref' Info: End of reference (cite) `cite.YOLOTraining', line 4.
Package `hyperref' Info: End of reference (cite) `cite.YOLOTraining', line 4.
Package `hyperref' Info: End of reference (cite) `cite.VisDrone', line 7.
Package `hyperref' Info: End of reference (cite) `cite.VisDrone', line 7.
Package `hyperref' Info: End of reference (cite) `cite.lin2015microsoftcococommonobjects', line 10.
Package `hyperref' Info: End of reference (cite) `cite.lin2015microsoftcococommonobjects', line 10.
Package `hyperref' Info: End of reference (cite) `cite.PascalVOC', line 10.
Package `hyperref' Info: End of reference (cite) `cite.PascalVOC', line 10.
Package `hyperref' Info: End of reference (link) `figure.caption.38', line 10.
]
Package hyperref Info: Anchor `table.caption.39' on input line 20.

pdftex: bookmark at 22: {4.1} {\numberline{4.1}{\ignorespaces mAP@50 and mAP@50-95 for each class.}} {table.caption.39}{0}{lot}
Package hyperref Info: Reference (link) `figure.caption.40' on input line 52.
Package hyperref Info: Anchor `figure.caption.40' on input line 53.


pdfTeX warning: pdflatex (file ./Cap4/Instances.pdf): PDF inclusion: found PDF version <1.7>, but at most version <1.5> allowed
<Cap4/Instances.pdf, id=1151, 845.0471pt x 597.50804pt>
File: Cap4/Instances.pdf Graphic file (type pdf)
<use Cap4/Instances.pdf>
Package pdftex.def Info: Cap4/Instances.pdf  used on input line 55.
(pdftex.def)             Requested size: 380.26768pt x 268.87613pt.
pdftex: bookmark at 56: {4.2} {\numberline{4.2}{\ignorespaces Instances per class.}} {figure.caption.40}{0}{lof}


Package hyperref Info: Anchor `page.63' on input line 58.
[63
Package `hyperref' Info: End of reference (link) `table.caption.39', line 18.
Package `hyperref' Info: End of reference (link) `figure.caption.40', line 52.
 <./Cap4/Metrics.pdf>]
Package hyperref Info: Anchor `section.4.2' on input line 61.

pdftex: bookmark at 61: {4.2} {\numberline{4.2}System Performance} {section.4.2}{1}{toc}
Package hyperref Info: Anchor `subsection.4.2.1' on input line 64.
pdftex: bookmark at 64: {4.2.1} {\numberline{4.2.1}Latency} {subsection.4.2.1}{2}{toc}
Package hyperref Info: Reference (cite) `cite.KIESEL2022238' on input line 65.
Package hyperref Info: Reference (cite) `cite.KIESEL2022238' on input line 65.
Package hyperref Info: Reference (link) `figure.caption.41' on input line 65.
Package hyperref Info: Anchor `figure.caption.41' on input line 66.
Package epstopdf Info: Source file: <Cap4/comunication.eps>
(epstopdf)                    date: 2025-08-24 10:58:55
(epstopdf)                    size: 44125 bytes
(epstopdf)             Output file: <Cap4/comunication-eps-converted-to.pdf>
(epstopdf)                    date: 2025-08-24 11:15:19
(epstopdf)                    size: 47791 bytes
(epstopdf)             Command: <miktex-epstopdf --outfile=Cap4/comunication-eps-converted-to.pdf Cap4/comunication.eps>
(epstopdf)             \includegraphics on input line 68.
Package epstopdf Info: Output file is already uptodate.
<Cap4/comunication-eps-converted-to.pdf, id=1161, 608.2725pt x 268.00125pt>
File: Cap4/comunication-eps-converted-to.pdf Graphic file (type pdf)
<use Cap4/comunication-eps-converted-to.pdf>
Package pdftex.def Info: Cap4/comunication-eps-converted-to.pdf  used on input line 68.
(pdftex.def)             Requested size: 364.96632pt x 160.80197pt.
pdftex: bookmark at 69: {4.3} {\numberline{4.3}{\ignorespaces Network communication of the control system. Extracted from \citeonline {KIESEL2022238}}} {figure.caption.41}{0}{lof}
Package hyperref Info: Reference (cite) `cite.KIESEL2022238' on input line 69.
Package hyperref Info: Reference (cite) `cite.KIESEL2022238' on input line 69.
Package hyperref Info: Reference (cite) `cite.KIESEL2022238' on input line 69.
Package hyperref Info: Reference (cite) `cite.KIESEL2022238' on input line 69.


Package hyperref Info: Anchor `page.64' on input line 71.
[64
Package `hyperref' Info: End of reference (cite) `cite.KIESEL2022238', line 65.
Package `hyperref' Info: End of reference (cite) `cite.KIESEL2022238', line 65.
Package `hyperref' Info: End of reference (link) `figure.caption.41', line 65.
 <./Cap4/Instances.pdf>]
Package hyperref Info: Reference (cite) `cite.KIESEL2022238' on input line 72.
Package hyperref Info: Reference (cite) `cite.KIESEL2022238' on input line 72.
Package hyperref Info: Anchor `equation.4.1' on input line 73.
Package hyperref Info: Anchor `equation.4.1' on input line 73.
Package hyperref Info: Anchor `equation.4.1' on input line 73.
Package hyperref Info: Anchor `equation.4.1' on input line 73.
Package hyperref Info: Reference (link) `figure.caption.42' on input line 78.
Package hyperref Info: Reference (link) `figure.caption.43' on input line 78.
Package hyperref Info: Anchor `figure.caption.42' on input line 80.
Package epstopdf Info: Source file: <Cap4/Car3.eps>
(epstopdf)                    date: 2025-08-23 18:25:02
(epstopdf)                    size: 894498 bytes
(epstopdf)             Output file: <Cap4/Car3-eps-converted-to.pdf>
(epstopdf)                    date: 2025-08-23 18:26:00
(epstopdf)                    size: 114782 bytes
(epstopdf)             Command: <miktex-epstopdf --outfile=Cap4/Car3-eps-converted-to.pdf Cap4/Car3.eps>
(epstopdf)             \includegraphics on input line 82.
Package epstopdf Info: Output file is already uptodate.
<Cap4/Car3-eps-converted-to.pdf, id=1176, 462.72874pt x 258.9675pt>
File: Cap4/Car3-eps-converted-to.pdf Graphic file (type pdf)
<use Cap4/Car3-eps-converted-to.pdf>
Package pdftex.def Info: Cap4/Car3-eps-converted-to.pdf  used on input line 82.
(pdftex.def)             Requested size: 138.81969pt x 77.69084pt.
Package epstopdf Info: Source file: <Cap4/CAR1.eps>
(epstopdf)                    date: 2025-08-23 18:25:39
(epstopdf)                    size: 913748 bytes
(epstopdf)             Output file: <Cap4/CAR1-eps-converted-to.pdf>
(epstopdf)                    date: 2025-08-23 18:26:01
(epstopdf)                    size: 120142 bytes
(epstopdf)             Command: <miktex-epstopdf --outfile=Cap4/CAR1-eps-converted-to.pdf Cap4/CAR1.eps>
(epstopdf)             \includegraphics on input line 82.
Package epstopdf Info: Output file is already uptodate.
<Cap4/CAR1-eps-converted-to.pdf, id=1177, 461.725pt x 260.975pt>
File: Cap4/CAR1-eps-converted-to.pdf Graphic file (type pdf)
<use Cap4/CAR1-eps-converted-to.pdf>
Package pdftex.def Info: Cap4/CAR1-eps-converted-to.pdf  used on input line 82.
(pdftex.def)             Requested size: 138.51857pt x 78.29309pt.
Package epstopdf Info: Source file: <Cap4/car2.eps>
(epstopdf)                    date: 2025-08-23 18:24:33
(epstopdf)                    size: 839560 bytes
(epstopdf)             Output file: <Cap4/car2-eps-converted-to.pdf>
(epstopdf)                    date: 2025-08-23 18:26:01
(epstopdf)                    size: 96611 bytes
(epstopdf)             Command: <miktex-epstopdf --outfile=Cap4/car2-eps-converted-to.pdf Cap4/car2.eps>
(epstopdf)             \includegraphics on input line 82.
Package epstopdf Info: Output file is already uptodate.
<Cap4/car2-eps-converted-to.pdf, id=1178, 450.68375pt x 303.1325pt>
File: Cap4/car2-eps-converted-to.pdf Graphic file (type pdf)
<use Cap4/car2-eps-converted-to.pdf>
Package pdftex.def Info: Cap4/car2-eps-converted-to.pdf  used on input line 82.
(pdftex.def)             Requested size: 118.44722pt x 79.6678pt.

pdftex: bookmark at 84: {4.4} {\numberline{4.4}{\ignorespaces Performed test for latency.}} {figure.caption.42}{0}{lof}
Package hyperref Info: Anchor `figure.caption.43' on input line 87.
Package epstopdf Info: Source file: <Cap4/detectedobjpos.eps>
(epstopdf)                    date: 2025-08-23 17:55:39
(epstopdf)                    size: 54336 bytes
(epstopdf)             Output file: <Cap4/detectedobjpos-eps-converted-to.pdf>
(epstopdf)                    date: 2025-08-23 17:55:55
(epstopdf)                    size: 142648 bytes
(epstopdf)             Command: <miktex-epstopdf --outfile=Cap4/detectedobjpos-eps-converted-to.pdf Cap4/detectedobjpos.eps>
(epstopdf)             \includegraphics on input line 89.
Package epstopdf Info: Output file is already uptodate.
<Cap4/detectedobjpos-eps-converted-to.pdf, id=1179, 530.98375pt x 839.135pt>
File: Cap4/detectedobjpos-eps-converted-to.pdf Graphic file (type pdf)
<use Cap4/detectedobjpos-eps-converted-to.pdf>
Package pdftex.def Info: Cap4/detectedobjpos-eps-converted-to.pdf  used on input line 89.
(pdftex.def)             Requested size: 265.49121pt x 419.56647pt.
pdftex: bookmark at 90: {4.5} {\numberline{4.5}{\ignorespaces Object recognition delay in seconds.}} {figure.caption.43}{0}{lof}


Package hyperref Info: Anchor `page.65' on input line 92.
[65
Package `hyperref' Info: End of reference (cite) `cite.KIESEL2022238', line 69.
Package `hyperref' Info: End of reference (cite) `cite.KIESEL2022238', line 69.
Package `hyperref' Info: End of reference (cite) `cite.KIESEL2022238', line 72.
Package `hyperref' Info: End of reference (cite) `cite.KIESEL2022238', line 72.
Package `hyperref' Info: End of reference (link) `figure.caption.42', line 78.
Package `hyperref' Info: End of reference (link) `figure.caption.43', line 78.
 <./Cap4/comunication-eps-converted-to.pdf> <./Cap4/Car3-eps-converted-to.pdf> <./Cap4/CAR1-eps-converted-to.pdf> <./Cap4/car2-eps-converted-to.pdf>]
Package hyperref Info: Anchor `equation.4.2' on input line 93.
Package hyperref Info: Anchor `equation.4.2' on input line 93.
Package hyperref Info: Anchor `equation.4.2' on input line 93.
Package hyperref Info: Anchor `equation.4.2' on input line 93.
Package hyperref Info: Anchor `subsection.4.2.2' on input line 97.

pdftex: bookmark at 97: {4.2.2} {\numberline{4.2.2}Controlled Output} {subsection.4.2.2}{2}{toc}
Package hyperref Info: Reference (link) `figure.caption.42' on input line 98.
Package hyperref Info: Reference (link) `figure.caption.44' on input line 98.
Package hyperref Info: Reference (link) `figure.caption.45' on input line 98.
Package hyperref Info: Anchor `figure.caption.44' on input line 99.
Package epstopdf Info: Source file: <Cap4/cartracking1.eps>
(epstopdf)                    date: 2025-08-24 00:18:31
(epstopdf)                    size: 874909 bytes
(epstopdf)             Output file: <Cap4/cartracking1-eps-converted-to.pdf>
(epstopdf)                    date: 2025-08-24 00:22:15
(epstopdf)                    size: 105611 bytes
(epstopdf)             Command: <miktex-epstopdf --outfile=Cap4/cartracking1-eps-converted-to.pdf Cap4/cartracking1.eps>
(epstopdf)             \includegraphics on input line 103.
Package epstopdf Info: Output file is already uptodate.
<Cap4/cartracking1-eps-converted-to.pdf, id=1201, 597.23125pt x 333.245pt>
File: Cap4/cartracking1-eps-converted-to.pdf Graphic file (type pdf)
<use Cap4/cartracking1-eps-converted-to.pdf>
Package pdftex.def Info: Cap4/cartracking1-eps-converted-to.pdf  used on input line 103.
(pdftex.def)             Requested size: 119.44412pt x 66.64781pt.
Package epstopdf Info: Source file: <Cap4/cartracking2.eps>
(epstopdf)                    date: 2025-08-24 00:19:49
(epstopdf)                    size: 879976 bytes
(epstopdf)             Output file: <Cap4/cartracking2-eps-converted-to.pdf>
(epstopdf)                    date: 2025-08-24 00:22:16
(epstopdf)                    size: 101062 bytes
(epstopdf)             Command: <miktex-epstopdf --outfile=Cap4/cartracking2-eps-converted-to.pdf Cap4/cartracking2.eps>
(epstopdf)             \includegraphics on input line 103.
Package epstopdf Info: Output file is already uptodate.
<Cap4/cartracking2-eps-converted-to.pdf, id=1202, 598.235pt x 335.2525pt>
File: Cap4/cartracking2-eps-converted-to.pdf Graphic file (type pdf)
<use Cap4/cartracking2-eps-converted-to.pdf>
Package pdftex.def Info: Cap4/cartracking2-eps-converted-to.pdf  used on input line 103.
(pdftex.def)             Requested size: 119.64487pt x 67.0493pt.
Package epstopdf Info: Source file: <Cap4/cartracking3.eps>
(epstopdf)                    date: 2025-08-24 00:17:53
(epstopdf)                    size: 830086 bytes
(epstopdf)             Output file: <Cap4/cartracking3-eps-converted-to.pdf>
(epstopdf)                    date: 2025-08-24 00:22:16
(epstopdf)                    size: 88741 bytes
(epstopdf)             Command: <miktex-epstopdf --outfile=Cap4/cartracking3-eps-converted-to.pdf Cap4/cartracking3.eps>
(epstopdf)             \includegraphics on input line 103.
Package epstopdf Info: Output file is already uptodate.
<Cap4/cartracking3-eps-converted-to.pdf, id=1203, 599.23875pt x 337.26pt>
File: Cap4/cartracking3-eps-converted-to.pdf Graphic file (type pdf)
<use Cap4/cartracking3-eps-converted-to.pdf>
Package pdftex.def Info: Cap4/cartracking3-eps-converted-to.pdf  used on input line 103.
(pdftex.def)             Requested size: 119.84563pt x 67.45079pt.
pdftex: bookmark at 105: {4.6} {\numberline{4.6}{\ignorespaces Test performed for system behavior analysis.}} {figure.caption.44}{0}{lof}


Package hyperref Info: Anchor `page.66' on input line 107.
[66
Package `hyperref' Info: End of reference (link) `figure.caption.42', line 98.
Package `hyperref' Info: End of reference (link) `figure.caption.44', line 98.
Package `hyperref' Info: End of reference (link) `figure.caption.45', line 98.
 <./Cap4/detectedobjpos-eps-converted-to.pdf>]
Package hyperref Info: Anchor `figure.caption.45' on input line 108.
Package epstopdf Info: Source file: <Cap4/systembehavior.eps>
(epstopdf)                    date: 2025-08-24 00:37:28
(epstopdf)                    size: 66680 bytes
(epstopdf)             Output file: <Cap4/systembehavior-eps-converted-to.pdf>
(epstopdf)                    date: 2025-08-24 00:37:37
(epstopdf)                    size: 56745 bytes
(epstopdf)             Command: <miktex-epstopdf --outfile=Cap4/systembehavior-eps-converted-to.pdf Cap4/systembehavior.eps>
(epstopdf)             \includegraphics on input line 109.
Package epstopdf Info: Output file is already uptodate.
<Cap4/systembehavior-eps-converted-to.pdf, id=1212, 742.775pt x 371.3875pt>
File: Cap4/systembehavior-eps-converted-to.pdf Graphic file (type pdf)
<use Cap4/systembehavior-eps-converted-to.pdf>
Package pdftex.def Info: Cap4/systembehavior-eps-converted-to.pdf  used on input line 109.
(pdftex.def)             Requested size: 445.66843pt x 222.83421pt.

pdftex: bookmark at 110: {4.7} {\numberline{4.7}{\ignorespaces System response to the input signal.}} {figure.caption.45}{0}{lof}
)

Package hyperref Info: Anchor `page.67' on input line 160.
[67 <./Cap4/cartracking1-eps-converted-to.pdf> <./Cap4/cartracking2-eps-converted-to.pdf> <./Cap4/cartracking3-eps-converted-to.pdf> <./Cap4/systembehavior-eps-converted-to.pdf>]
Package hyperref Info: Anchor `chapter.5' on input line 160.

Chapter 5.
pdftex: bookmark at 160: {5} {\numberline{5}Conclusions and Future Works} {chapter.5}{0}{toc}
(Cap5/cap5.tex
Package hyperref Info: Anchor `section.5.1' on input line 12.

pdftex: bookmark at 12: {5.1} {\numberline{5.1}Conclusions} {section.5.1}{1}{toc}


Package hyperref Info: Anchor `page.68' on input line 20.
[68

]
Package hyperref Info: Anchor `section.5.2' on input line 23.

pdftex: bookmark at 23: {5.2} {\numberline{5.2}Future Works} {section.5.2}{1}{toc}
Package hyperref Info: Reference (cite) `cite.Rahmat2016Sliding' on input line 26.
Package hyperref Info: Reference (cite) `cite.Rahmat2016Sliding' on input line 26.
Package hyperref Info: Reference (cite) `cite.Galal2009Fuzzy' on input line 26.
Package hyperref Info: Reference (cite) `cite.Galal2009Fuzzy' on input line 26.


Package hyperref Info: Anchor `page.69' on input line 27.
[69
Package `hyperref' Info: End of reference (cite) `cite.Rahmat2016Sliding', line 26.
Package `hyperref' Info: End of reference (cite) `cite.Rahmat2016Sliding', line 26.
Package `hyperref' Info: End of reference (cite) `cite.Galal2009Fuzzy', line 26.
Package `hyperref' Info: End of reference (cite) `cite.Galal2009Fuzzy', line 26.
]) (tese.bbl (tese.brf)
\tf@brf=\write10
\openout10 = `tese.brf'.



Package hyperref Info: Anchor `page.70' on input line 3.
[70]
Package hyperref Info: Anchor `chapter*.46' on input line 3.
Package hyperref Info: Anchor `chapter.6' on input line 3.

pdftex: bookmark at 3: {6} {Bibliography} {chapter.6}{0}{toc}
Package hyperref Info: Anchor `cite.YOLOsurveillance' on input line 15.
Package hyperref Info: Anchor `cite.boiffier1998dynamics' on input line 22.
Package hyperref Info: Anchor `cite.Brunton_Kutz_2022' on input line 28.
Package hyperref Info: Anchor `cite.GimbalYOLO' on input line 35.
Package hyperref Info: Anchor `cite.Done_1999' on input line 42.
Package hyperref Info: Anchor `cite.PascalVOC' on input line 49.
Package hyperref Info: Anchor `cite.Galal2009Fuzzy' on input line 57.
Package hyperref Info: Anchor `cite.gatimu2020experimental' on input line 64.
Package hyperref Info: Anchor `cite.7410526' on input line 70.
Package hyperref Info: Anchor `cite.6909475' on input line 77.


Package hyperref Info: Anchor `page.71' on input line 83.
[71

]
Package hyperref Info: Anchor `cite.Gonzalez3' on input line 83.
Package hyperref Info: Anchor `cite.Goodfellow-et-al-2016' on input line 88.
Package hyperref Info: Anchor `cite.grandini2020metricsmulticlassclassificationoverview' on input line 95.
Package hyperref Info: Anchor `cite.Hartley2004' on input line 101.
Package hyperref Info: Anchor `cite.hubel1962receptive' on input line 107.
Package hyperref Info: Anchor `cite.ColorImage' on input line 113.
Package hyperref Info: Anchor `cite.Jocher_Ultralytics_YOLO_2023' on input line 118.
Package hyperref Info: Anchor `cite.KIESEL2022238' on input line 129.
Package hyperref Info: Anchor `cite.Tensor' on input line 134.
Package hyperref Info: Anchor `cite.Lacey1998TutorialTK' on input line 141.
Package hyperref Info: Anchor `cite.lin2015microsoftcococommonobjects' on input line 148.
Package hyperref Info: Anchor `cite.Liu_2016' on input line 156.
Package hyperref Info: Anchor `cite.Mane' on input line 164.
Package hyperref Info: Anchor `cite.Mitchell' on input line 171.
Package hyperref Info: Anchor `cite.Murphy-2012' on input line 177.


Package hyperref Info: Anchor `page.72' on input line 177.
[72
Package `hyperref' Info: End of reference (link) `figure.caption.45', line 98.
]
Package hyperref Info: Anchor `cite.9145130' on input line 184.
Package hyperref Info: Anchor `cite.poyrazoglu_2017' on input line 190.
Package hyperref Info: Anchor `cite.Rahmat2016Sliding' on input line 199.
Package hyperref Info: Anchor `cite.espinosa2016diseno' on input line 207.
Package hyperref Info: Anchor `cite.YOLO' on input line 214.
Package hyperref Info: Anchor `cite.7485869' on input line 221.
Package hyperref Info: Anchor `cite.Gimbalmodel' on input line 228.
Package hyperref Info: Anchor `cite.TONG2020105312' on input line 239.
Package hyperref Info: Anchor `cite.YOLOTraining' on input line 245.
Package hyperref Info: Anchor `cite.Kalmanxalpha' on input line 253.
Package hyperref Info: Anchor `cite.poolinglayer' on input line 259.
Package hyperref Info: Anchor `cite.servomotorarticle' on input line 265.
Package hyperref Info: Anchor `cite.VisDrone' on input line 272.
)

Package hyperref Info: Anchor `page.73' on input line 197.
[73]
\bottommargin=\skip94
\rightmarginn=\skip95
Package hyperref Info: Anchor `bla.0' on input line 197.
 (PreTextuais/resumo.tex) (PreTextuais/resumo.tex) (PreTextuais/resumo.tex)
Overfull \hbox (74.53033pt too wide) in paragraph at lines 197--197
[][] 
 []



Package hyperref Info: Anchor `page.74' on input line 199.
[74

] 
enddocument/afterlastpage (AED): lastpage setting LastPage.
(tese.aux)
 ***********
LaTeX2e <2025-06-01> patch level 1
L3 programming layer <2025-05-26>
 ***********


LaTeX Font Warning: Some font shapes were not available, defaults substituted.


LaTeX Warning: Label(s) may have changed. Rerun to get cross-references right.

Package rerunfilecheck Info: File `tese.out' has not changed.
(rerunfilecheck)             Checksum: 7A966822F9EAC287F2890A893F8700E4;9762.
Package rerunfilecheck Info: File `tese.brf' has not changed.
(rerunfilecheck)             Checksum: D41D8CD98F00B204E9800998ECF8427E;0.
 ) 
Here is how much of TeX's memory you used:
 18752 strings out of 468219
 311590 string characters out of 5432869
 729643 words of memory out of 5000000
 46487 multiletter control sequences out of 15000+600000
 686038 words of font info for 150 fonts, out of 8000000 for 9000
 1141 hyphenation exceptions out of 8191
 105i,18n,107p,2148b,631s stack positions out of 10000i,1000n,20000p,200000b,200000s
 <C:\Users\lucas\AppData\Local\MiKTeX\fonts/pk/ljfour/jknappen/ec/dpi600\tcrm1200.pk> <C:\Users\lucas\AppData\Local\MiKTeX\fonts/pk/ljfour/jknappen/ec/dpi600\tcrm0700.pk> <C:\Users\lucas\AppData\Local\MiKTeX\fonts/pk/ljfour/jknappen/ec/dpi600\tcrm0800.pk><C:/Users/lucas/AppData/Local/Programs/MiKTeX/fonts/type1/public/amsfonts/cm/cmb10.pfb><C:/Users/lucas/AppData/Local/Programs/MiKTeX/fonts/type1/public/amsfonts/cm/cmbx12.pfb><C:/Users/lucas/AppData/Local/Programs/MiKTeX/fonts/type1/public/amsfonts/cm/cmbx8.pfb><C:/Users/lucas/AppData/Local/Programs/MiKTeX/fonts/type1/public/amsfonts/cm/cmcsc10.pfb><C:/Users/lucas/AppData/Local/Programs/MiKTeX/fonts/type1/public/amsfonts/cm/cmex10.pfb><C:/Users/lucas/AppData/Local/Programs/MiKTeX/fonts/type1/public/amsfonts/cm/cmmi10.pfb><C:/Users/lucas/AppData/Local/Programs/MiKTeX/fonts/type1/public/amsfonts/cm/cmmi12.pfb><C:/Users/lucas/AppData/Local/Programs/MiKTeX/fonts/type1/public/amsfonts/cm/cmmi6.pfb><C:/Users/lucas/AppData/Local/Programs/MiKTeX/fonts/type1/public/amsfonts/cm/cmmi7.pfb><C:/Users/lucas/AppData/Local/Programs/MiKTeX/fonts/type1/public/amsfonts/cm/cmmi8.pfb><C:/Users/lucas/AppData/Local/Programs/MiKTeX/fonts/type1/public/amsfonts/cm/cmmib10.pfb><C:/Users/lucas/AppData/Local/Programs/MiKTeX/fonts/type1/public/amsfonts/cm/cmr10.pfb><C:/Users/lucas/AppData/Local/Programs/MiKTeX/fonts/type1/public/amsfonts/cm/cmr12.pfb><C:/Users/lucas/AppData/Local/Programs/MiKTeX/fonts/type1/public/amsfonts/cm/cmr6.pfb><C:/Users/lucas/AppData/Local/Programs/MiKTeX/fonts/type1/public/amsfonts/cm/cmr7.pfb><C:/Users/lucas/AppData/Local/Programs/MiKTeX/fonts/type1/public/amsfonts/cm/cmr8.pfb><C:/Users/lucas/AppData/Local/Programs/MiKTeX/fonts/type1/public/amsfonts/cm/cmssi12.pfb><C:/Users/lucas/AppData/Local/Programs/MiKTeX/fonts/type1/public/amsfonts/cm/cmsy10.pfb><C:/Users/lucas/AppData/Local/Programs/MiKTeX/fonts/type1/public/amsfonts/cm/cmsy8.pfb><C:/Users/lucas/AppData/Local/Programs/MiKTeX/fonts/type1/public/amsfonts/cm/cmti10.pfb><C:/Users/lucas/AppData/Local/Programs/MiKTeX/fonts/type1/public/amsfonts/cm/cmti12.pfb><C:/Users/lucas/AppData/Local/Programs/MiKTeX/fonts/type1/public/amsfonts/cm/cmtt12.pfb><C:/Users/lucas/AppData/Local/Programs/MiKTeX/fonts/type1/public/amsfonts/cm/cmu10.pfb><C:/Users/lucas/AppData/Local/Programs/MiKTeX/fonts/type1/public/amsfonts/symbols/msbm10.pfb>
Output written on tese.pdf (74 pages, 3458836 bytes).
PDF statistics:
 1451 PDF objects out of 1728 (max. 8388607)
 307 named destinations out of 1000 (max. 500000)
 672 words of extra memory for PDF output out of 10000 (max. 10000000)

